{
  "Get Categories" : {
    "transaction" : "Get Categories",
    "sampleCount" : 10,
    "errorCount" : 0,
    "errorPct" : 0.0,
    "meanResTime" : 169.8,
    "medianResTime" : 132.5,
    "minResTime" : 34.0,
    "maxResTime" : 544.0,
    "pct1ResTime" : 518.4000000000001,
    "pct2ResTime" : 544.0,
    "pct3ResTime" : 544.0,
    "throughput" : 0.3840835765862652,
    "receivedKBytesPerSec" : 0.22054799124289445,
    "sentKBytesPerSec" : 0.12640250518512827
  },
  "Get Customer Profile (Verify Update)" : {
    "transaction" : "Get Customer Profile (Verify Update)",
    "sampleCount" : 10,
    "errorCount" : 0,
    "errorPct" : 0.0,
    "meanResTime" : 200.6,
    "medianResTime" : 129.5,
    "minResTime" : 38.0,
    "maxResTime" : 505.0,
    "pct1ResTime" : 492.90000000000003,
    "pct2ResTime" : 505.0,
    "pct3ResTime" : 505.0,
    "throughput" : 0.3836120914531226,
    "receivedKBytesPerSec" : 0.1989238482046954,
    "sentKBytesPerSec" : 0.12924430815559307
  },
  "Total" : {
    "transaction" : "Total",
    "sampleCount" : 60,
    "errorCount" : 0,
    "errorPct" : 0.0,
    "meanResTime" : 239.45000000000005,
    "medianResTime" : 141.5,
    "minResTime" : 34.0,
    "maxResTime" : 2197.0,
    "pct1ResTime" : 542.6,
    "pct2ResTime" : 722.3999999999995,
    "pct3ResTime" : 2197.0,
    "throughput" : 1.7591180954614754,
    "receivedKBytesPerSec" : 2.014797206667058,
    "sentKBytesPerSec" : 0.6170370129441773
  },
  "Verify OTP and Get JWT" : {
    "transaction" : "Verify OTP and Get JWT",
    "sampleCount" : 10,
    "errorCount" : 0,
    "errorPct" : 0.0,
    "meanResTime" : 604.6999999999999,
    "medianResTime" : 505.5,
    "minResTime" : 108.0,
    "maxResTime" : 2197.0,
    "pct1ResTime" : 2050.1000000000004,
    "pct2ResTime" : 2197.0,
    "pct3ResTime" : 2197.0,
    "throughput" : 0.35864146612631354,
    "receivedKBytesPerSec" : 0.18632544919843633,
    "sentKBytesPerSec" : 0.10156838396155364
  },
  "Get Countries" : {
    "transaction" : "Get Countries",
    "sampleCount" : 10,
    "errorCount" : 0,
    "errorPct" : 0.0,
    "meanResTime" : 214.1,
    "medianResTime" : 118.5,
    "minResTime" : 37.0,
    "maxResTime" : 784.0,
    "pct1ResTime" : 750.8000000000002,
    "pct2ResTime" : 784.0,
    "pct3ResTime" : 784.0,
    "throughput" : 0.3868172675228222,
    "receivedKBytesPerSec" : 1.6409513770694724,
    "sentKBytesPerSec" : 0.12767991838155654
  },
  "Update Customer Profile" : {
    "transaction" : "Update Customer Profile",
    "sampleCount" : 10,
    "errorCount" : 0,
    "errorPct" : 0.0,
    "meanResTime" : 129.6,
    "medianResTime" : 127.0,
    "minResTime" : 38.0,
    "maxResTime" : 287.0,
    "pct1ResTime" : 275.70000000000005,
    "pct2ResTime" : 287.0,
    "pct3ResTime" : 287.0,
    "throughput" : 0.37884527958781633,
    "receivedKBytesPerSec" : 0.1890526737005607,
    "sentKBytesPerSec" : 0.1850200432830732
  },
  "Get Customer Profile" : {
    "transaction" : "Get Customer Profile",
    "sampleCount" : 10,
    "errorCount" : 0,
    "errorPct" : 0.0,
    "meanResTime" : 117.9,
    "medianResTime" : 44.5,
    "minResTime" : 38.0,
    "maxResTime" : 393.0,
    "pct1ResTime" : 374.80000000000007,
    "pct2ResTime" : 393.0,
    "pct3ResTime" : 393.0,
    "throughput" : 0.3848522167487685,
    "receivedKBytesPerSec" : 0.19956692098983989,
    "sentKBytesPerSec" : 0.12966212380695813
  }
}