{
  "Send OTP - Fixed JSON" : {
    "transaction" : "Send OTP - Fixed JSON",
    "sampleCount" : 1,
    "errorCount" : 0,
    "errorPct" : 0.0,
    "meanResTime" : 3775.0,
    "medianResTime" : 3775.0,
    "minResTime" : 3775.0,
    "maxResTime" : 3775.0,
    "pct1ResTime" : 3775.0,
    "pct2ResTime" : 3775.0,
    "pct3ResTime" : 3775.0,
    "throughput" : 0.26490066225165565,
    "receivedKBytesPerSec" : 0.09390521523178808,
    "sentKBytesPerSec" : 0.06984685430463576
  },
  "Verify OTP - Fixed JSON" : {
    "transaction" : "Verify OTP - Fixed JSON",
    "sampleCount" : 1,
    "errorCount" : 0,
    "errorPct" : 0.0,
    "meanResTime" : 148.0,
    "medianResTime" : 148.0,
    "minResTime" : 148.0,
    "maxResTime" : 148.0,
    "pct1ResTime" : 148.0,
    "pct2ResTime" : 148.0,
    "pct3ResTime" : 148.0,
    "throughput" : 6.756756756756757,
    "receivedKBytesPerSec" : 3.5103462837837838,
    "sentKBytesPerSec" : 1.9201330236486487
  },
  "Total" : {
    "transaction" : "Total",
    "sampleCount" : 2,
    "errorCount" : 0,
    "errorPct" : 0.0,
    "meanResTime" : 1961.5,
    "medianResTime" : 1961.5,
    "minResTime" : 148.0,
    "maxResTime" : 3775.0,
    "pct1ResTime" : 3775.0,
    "pct2ResTime" : 3775.0,
    "pct3ResTime" : 3775.0,
    "throughput" : 0.28851702250432776,
    "receivedKBytesPerSec" : 0.1260853198932487,
    "sentKBytesPerSec" : 0.07903225079342181
  }
}