{
  "8. Add People to Category" : {
    "transaction" : "8. Add People to Category",
    "sampleCount" : 10,
    "errorCount" : 0,
    "errorPct" : 0.0,
    "meanResTime" : 67.3,
    "medianResTime" : 57.0,
    "minResTime" : 54.0,
    "maxResTime" : 153.0,
    "pct1ResTime" : 144.10000000000002,
    "pct2ResTime" : 153.0,
    "pct3ResTime" : 153.0,
    "throughput" : 0.3814464449191334,
    "receivedKBytesPerSec" : 0.259823139971773,
    "sentKBytesPerSec" : 0.17064513322017089
  },
  "6. Create Category" : {
    "transaction" : "6. Create Category",
    "sampleCount" : 10,
    "errorCount" : 0,
    "errorPct" : 0.0,
    "meanResTime" : 65.80000000000001,
    "medianResTime" : 49.0,
    "minResTime" : 47.0,
    "maxResTime" : 162.0,
    "pct1ResTime" : 155.00000000000003,
    "pct2ResTime" : 162.0,
    "pct3ResTime" : 162.0,
    "throughput" : 0.3820147457691867,
    "receivedKBytesPerSec" : 0.2025722724147152,
    "sentKBytesPerSec" : 0.16922059441494441
  },
  "2. Verify OTP" : {
    "transaction" : "2. Verify OTP",
    "sampleCount" : 10,
    "errorCount" : 0,
    "errorPct" : 0.0,
    "meanResTime" : 56.1,
    "medianResTime" : 55.5,
    "minResTime" : 53.0,
    "maxResTime" : 64.0,
    "pct1ResTime" : 63.400000000000006,
    "pct2ResTime" : 64.0,
    "pct3ResTime" : 64.0,
    "throughput" : 0.3808653260207191,
    "receivedKBytesPerSec" : 0.19861531649908593,
    "sentKBytesPerSec" : 0.10823418932815357
  },
  "9. Mute People" : {
    "transaction" : "9. Mute People",
    "sampleCount" : 10,
    "errorCount" : 0,
    "errorPct" : 0.0,
    "meanResTime" : 49.400000000000006,
    "medianResTime" : 48.0,
    "minResTime" : 46.0,
    "maxResTime" : 62.0,
    "pct1ResTime" : 60.800000000000004,
    "pct2ResTime" : 62.0,
    "pct3ResTime" : 62.0,
    "throughput" : 0.3830683777054204,
    "receivedKBytesPerSec" : 0.2562517956330205,
    "sentKBytesPerSec" : 0.15636970886803295
  },
  "3. Get Profile Data" : {
    "transaction" : "3. Get Profile Data",
    "sampleCount" : 10,
    "errorCount" : 0,
    "errorPct" : 0.0,
    "meanResTime" : 55.7,
    "medianResTime" : 46.5,
    "minResTime" : 45.0,
    "maxResTime" : 138.0,
    "pct1ResTime" : 129.10000000000002,
    "pct2ResTime" : 138.0,
    "pct3ResTime" : 138.0,
    "throughput" : 0.3797660641045116,
    "receivedKBytesPerSec" : 0.1958539633335865,
    "sentKBytesPerSec" : 0.12869025805104056
  },
  "Get Category People (for Contact Details)" : {
    "transaction" : "Get Category People (for Contact Details)",
    "sampleCount" : 10,
    "errorCount" : 0,
    "errorPct" : 0.0,
    "meanResTime" : 48.49999999999999,
    "medianResTime" : 48.5,
    "minResTime" : 44.0,
    "maxResTime" : 53.0,
    "pct1ResTime" : 52.8,
    "pct2ResTime" : 53.0,
    "pct3ResTime" : 53.0,
    "throughput" : 0.3831124051796797,
    "receivedKBytesPerSec" : 0.1893488166615585,
    "sentKBytesPerSec" : 0.1316948892805149
  },
  "11. View People Details" : {
    "transaction" : "11. View People Details",
    "sampleCount" : 10,
    "errorCount" : 10,
    "errorPct" : 100.0,
    "meanResTime" : 55.0,
    "medianResTime" : 53.5,
    "minResTime" : 51.0,
    "maxResTime" : 64.0,
    "pct1ResTime" : 63.7,
    "pct2ResTime" : 64.0,
    "pct3ResTime" : 64.0,
    "throughput" : 0.38327392587482273,
    "receivedKBytesPerSec" : 0.12576175692767622,
    "sentKBytesPerSec" : 0.13661619428155303
  },
  "7. Update Category" : {
    "transaction" : "7. Update Category",
    "sampleCount" : 10,
    "errorCount" : 10,
    "errorPct" : 100.0,
    "meanResTime" : 53.0,
    "medianResTime" : 49.0,
    "minResTime" : 47.0,
    "maxResTime" : 74.0,
    "pct1ResTime" : 72.80000000000001,
    "pct2ResTime" : 74.0,
    "pct3ResTime" : 74.0,
    "throughput" : 0.3820293398533008,
    "receivedKBytesPerSec" : 0.13356103873777506,
    "sentKBytesPerSec" : 0.17937471347799513
  },
  "1. Send OTP" : {
    "transaction" : "1. Send OTP",
    "sampleCount" : 10,
    "errorCount" : 0,
    "errorPct" : 0.0,
    "meanResTime" : 147.1,
    "medianResTime" : 96.0,
    "minResTime" : 86.0,
    "maxResTime" : 624.0,
    "pct1ResTime" : 572.0000000000002,
    "pct2ResTime" : 624.0,
    "pct3ResTime" : 624.0,
    "throughput" : 0.3726337755254136,
    "receivedKBytesPerSec" : 0.13209576222238784,
    "sentKBytesPerSec" : 0.09825304628111492
  },
  "Total" : {
    "transaction" : "Total",
    "sampleCount" : 150,
    "errorCount" : 20,
    "errorPct" : 13.333333,
    "meanResTime" : 488.99999999999983,
    "medianResTime" : 51.0,
    "minResTime" : 40.0,
    "maxResTime" : 6519.0,
    "pct1ResTime" : 136.4000000000001,
    "pct2ResTime" : 6371.249999999999,
    "pct3ResTime" : 6512.88,
    "throughput" : 1.269604814341456,
    "receivedKBytesPerSec" : 189.8938663275411,
    "sentKBytesPerSec" : 0.4701174701854469
  },
  "14. Get Category List" : {
    "transaction" : "14. Get Category List",
    "sampleCount" : 10,
    "errorCount" : 0,
    "errorPct" : 0.0,
    "meanResTime" : 46.6,
    "medianResTime" : 47.0,
    "minResTime" : 44.0,
    "maxResTime" : 49.0,
    "pct1ResTime" : 48.9,
    "pct2ResTime" : 49.0,
    "pct3ResTime" : 49.0,
    "throughput" : 0.43708204029896414,
    "receivedKBytesPerSec" : 0.35009247016915074,
    "sentKBytesPerSec" : 0.14469805826303597
  },
  "4. Update Profile Name" : {
    "transaction" : "4. Update Profile Name",
    "sampleCount" : 10,
    "errorCount" : 0,
    "errorPct" : 0.0,
    "meanResTime" : 75.2,
    "medianResTime" : 62.0,
    "minResTime" : 44.0,
    "maxResTime" : 138.0,
    "pct1ResTime" : 136.4,
    "pct2ResTime" : 138.0,
    "pct3ResTime" : 138.0,
    "throughput" : 0.3792763407418645,
    "receivedKBytesPerSec" : 0.18819366087005993,
    "sentKBytesPerSec" : 0.14893263341045285
  },
  "13. Get Incoming Call History" : {
    "transaction" : "13. Get Incoming Call History",
    "sampleCount" : 10,
    "errorCount" : 0,
    "errorPct" : 0.0,
    "meanResTime" : 46.7,
    "medianResTime" : 47.0,
    "minResTime" : 44.0,
    "maxResTime" : 49.0,
    "pct1ResTime" : 48.9,
    "pct2ResTime" : 49.0,
    "pct3ResTime" : 49.0,
    "throughput" : 0.43710114520500043,
    "receivedKBytesPerSec" : 0.16391292945187516,
    "sentKBytesPerSec" : 0.1502535186642189
  },
  "5. Buzz Installed Contacts" : {
    "transaction" : "5. Buzz Installed Contacts",
    "sampleCount" : 10,
    "errorCount" : 0,
    "errorPct" : 0.0,
    "meanResTime" : 6425.3,
    "medianResTime" : 6459.0,
    "minResTime" : 6299.0,
    "maxResTime" : 6519.0,
    "pct1ResTime" : 6517.8,
    "pct2ResTime" : 6519.0,
    "pct3ResTime" : 6519.0,
    "throughput" : 0.3063913229977327,
    "receivedKBytesPerSec" : 685.2088870718181,
    "sentKBytesPerSec" : 0.10592043783320057
  },
  "12. Remove People from Category" : {
    "transaction" : "12. Remove People from Category",
    "sampleCount" : 10,
    "errorCount" : 0,
    "errorPct" : 0.0,
    "meanResTime" : 45.9,
    "medianResTime" : 46.0,
    "minResTime" : 40.0,
    "maxResTime" : 51.0,
    "pct1ResTime" : 50.8,
    "pct2ResTime" : 51.0,
    "pct3ResTime" : 51.0,
    "throughput" : 0.43702473560003496,
    "receivedKBytesPerSec" : 0.16132358403985664,
    "sentKBytesPerSec" : 0.17412704309063892
  },
  "10. Block People" : {
    "transaction" : "10. Block People",
    "sampleCount" : 10,
    "errorCount" : 0,
    "errorPct" : 0.0,
    "meanResTime" : 97.39999999999999,
    "medianResTime" : 94.5,
    "minResTime" : 89.0,
    "maxResTime" : 110.0,
    "pct1ResTime" : 109.8,
    "pct2ResTime" : 110.0,
    "pct3ResTime" : 110.0,
    "throughput" : 0.38208772734219776,
    "receivedKBytesPerSec" : 0.25559579416934125,
    "sentKBytesPerSec" : 0.14813362085434814
  }
}