{
  "01 - Connect" : {
    "transaction" : "01 - Connect",
    "sampleCount" : 120,
    "errorCount" : 0,
    "errorPct" : 0.0,
    "meanResTime" : 85.77499999999999,
    "medianResTime" : 59.5,
    "minResTime" : 50.0,
    "maxResTime" : 417.0,
    "pct1ResTime" : 137.70000000000002,
    "pct2ResTime" : 238.0,
    "pct3ResTime" : 405.4499999999996,
    "throughput" : 6.094464195022854,
    "receivedKBytesPerSec" : 0.7677596495683088,
    "sentKBytesPerSec" : 0.9403567800914169
  },
  "Select Receiver Target" : {
    "transaction" : "Select Receiver Target",
    "sampleCount" : 300,
    "errorCount" : 0,
    "errorPct" : 0.0,
    "meanResTime" : 8.33333333333333,
    "medianResTime" : 7.0,
    "minResTime" : 3.0,
    "maxResTime" : 154.0,
    "pct1ResTime" : 11.0,
    "pct2ResTime" : 13.949999999999989,
    "pct3ResTime" : 34.88000000000011,
    "throughput" : 5.186811666868376,
    "receivedKBytesPerSec" : 0.0,
    "sentKBytesPerSec" : 0.0
  },
  "03 - Call Initiated" : {
    "transaction" : "03 - Call Initiated",
    "sampleCount" : 300,
    "errorCount" : 0,
    "errorPct" : 0.0,
    "meanResTime" : 0.21666666666666656,
    "medianResTime" : 0.0,
    "minResTime" : 0.0,
    "maxResTime" : 1.0,
    "pct1ResTime" : 1.0,
    "pct2ResTime" : 1.0,
    "pct3ResTime" : 1.0,
    "throughput" : 5.2453054516207995,
    "receivedKBytesPerSec" : 0.0,
    "sentKBytesPerSec" : 0.27148553607021714
  },
  "05 - Call Accepted" : {
    "transaction" : "05 - Call Accepted",
    "sampleCount" : 80,
    "errorCount" : 0,
    "errorPct" : 0.0,
    "meanResTime" : 0.15000000000000008,
    "medianResTime" : 0.0,
    "minResTime" : 0.0,
    "maxResTime" : 1.0,
    "pct1ResTime" : 1.0,
    "pct2ResTime" : 1.0,
    "pct3ResTime" : 1.0,
    "throughput" : 0.8449603396740565,
    "receivedKBytesPerSec" : 0.0,
    "sentKBytesPerSec" : 0.061061587046757994
  },
  "02 - Register" : {
    "transaction" : "02 - Register",
    "sampleCount" : 120,
    "errorCount" : 0,
    "errorPct" : 0.0,
    "meanResTime" : 0.27499999999999974,
    "medianResTime" : 0.0,
    "minResTime" : 0.0,
    "maxResTime" : 9.0,
    "pct1ResTime" : 1.0,
    "pct2ResTime" : 1.0,
    "pct3ResTime" : 7.319999999999936,
    "throughput" : 6.170300287947347,
    "receivedKBytesPerSec" : 0.0,
    "sentKBytesPerSec" : 0.24102735499794323
  },
  "04 - Call Received" : {
    "transaction" : "04 - Call Received",
    "sampleCount" : 1188,
    "errorCount" : 0,
    "errorPct" : 0.0,
    "meanResTime" : 4698.568181818182,
    "medianResTime" : 6000.0,
    "minResTime" : 0.0,
    "maxResTime" : 6015.0,
    "pct1ResTime" : 6002.0,
    "pct2ResTime" : 6007.0,
    "pct3ResTime" : 6013.11,
    "throughput" : 9.637146820471637,
    "receivedKBytesPerSec" : 0.19680499531527584,
    "sentKBytesPerSec" : 0.0
  },
  "Total" : {
    "transaction" : "Total",
    "sampleCount" : 2713,
    "errorCount" : 0,
    "errorPct" : 0.0,
    "meanResTime" : 2141.0103206782196,
    "medianResTime" : 9.0,
    "minResTime" : 0.0,
    "maxResTime" : 6015.0,
    "pct1ResTime" : 6001.0,
    "pct2ResTime" : 6002.0,
    "pct3ResTime" : 6013.0,
    "throughput" : 21.788364547528026,
    "receivedKBytesPerSec" : 0.5380207162131774,
    "sentKBytesPerSec" : 0.4139308653104822
  },
  "Caller - Read Response" : {
    "transaction" : "Caller - Read Response",
    "sampleCount" : 278,
    "errorCount" : 0,
    "errorPct" : 0.0,
    "meanResTime" : 172.74100719424462,
    "medianResTime" : 0.0,
    "minResTime" : 0.0,
    "maxResTime" : 6001.0,
    "pct1ResTime" : 0.0,
    "pct2ResTime" : 1.0,
    "pct3ResTime" : 6001.0,
    "throughput" : 4.910012539960084,
    "receivedKBytesPerSec" : 0.4202121582419329,
    "sentKBytesPerSec" : 0.0
  },
  "07 - Call Ended" : {
    "transaction" : "07 - Call Ended",
    "sampleCount" : 80,
    "errorCount" : 0,
    "errorPct" : 0.0,
    "meanResTime" : 0.16250000000000006,
    "medianResTime" : 0.0,
    "minResTime" : 0.0,
    "maxResTime" : 1.0,
    "pct1ResTime" : 1.0,
    "pct2ResTime" : 1.0,
    "pct3ResTime" : 1.0,
    "throughput" : 0.8445410974811561,
    "receivedKBytesPerSec" : 0.0,
    "sentKBytesPerSec" : 0.053608565758081206
  },
  "06 - Call Rejected" : {
    "transaction" : "06 - Call Rejected",
    "sampleCount" : 27,
    "errorCount" : 0,
    "errorPct" : 0.0,
    "meanResTime" : 0.2222222222222222,
    "medianResTime" : 0.0,
    "minResTime" : 0.0,
    "maxResTime" : 1.0,
    "pct1ResTime" : 1.0,
    "pct2ResTime" : 1.0,
    "pct3ResTime" : 1.0,
    "throughput" : 0.4511881287390127,
    "receivedKBytesPerSec" : 0.0,
    "sentKBytesPerSec" : 0.03260539211590522
  },
  "Caller - Read Response (Ping Handled)" : {
    "transaction" : "Caller - Read Response (Ping Handled)",
    "sampleCount" : 22,
    "errorCount" : 0,
    "errorPct" : 0.0,
    "meanResTime" : 162.3181818181818,
    "medianResTime" : 0.0,
    "minResTime" : 0.0,
    "maxResTime" : 3568.0,
    "pct1ResTime" : 1.0,
    "pct2ResTime" : 3032.9499999999925,
    "pct3ResTime" : 3568.0,
    "throughput" : 0.4397801099450275,
    "receivedKBytesPerSec" : 0.016319965017491254,
    "sentKBytesPerSec" : 0.0
  },
  "Process Call Decision" : {
    "transaction" : "Process Call Decision",
    "sampleCount" : 117,
    "errorCount" : 0,
    "errorPct" : 0.0,
    "meanResTime" : 10.273504273504276,
    "medianResTime" : 9.0,
    "minResTime" : 5.0,
    "maxResTime" : 49.0,
    "pct1ResTime" : 14.0,
    "pct2ResTime" : 27.399999999999977,
    "pct3ResTime" : 47.91999999999996,
    "throughput" : 1.108101452844127,
    "receivedKBytesPerSec" : 0.0,
    "sentKBytesPerSec" : 0.0
  },
  "04 - Call Received (Ping Handled)" : {
    "transaction" : "04 - Call Received (Ping Handled)",
    "sampleCount" : 81,
    "errorCount" : 0,
    "errorPct" : 0.0,
    "meanResTime" : 1986.975308641976,
    "medianResTime" : 1542.0,
    "minResTime" : 0.0,
    "maxResTime" : 5928.0,
    "pct1ResTime" : 4766.4,
    "pct2ResTime" : 5315.499999999999,
    "pct3ResTime" : 5928.0,
    "throughput" : 0.888996202559431,
    "receivedKBytesPerSec" : 0.032990093454353886,
    "sentKBytesPerSec" : 0.0
  }
}