{
  "Get Categories" : {
    "transaction" : "Get Categories",
    "sampleCount" : 10,
    "errorCount" : 10,
    "errorPct" : 100.0,
    "meanResTime" : 249.6,
    "medianResTime" : 241.5,
    "minResTime" : 32.0,
    "maxResTime" : 459.0,
    "pct1ResTime" : 457.6,
    "pct2ResTime" : 459.0,
    "pct3ResTime" : 459.0,
    "throughput" : 0.35607463324312777,
    "receivedKBytesPerSec" : 0.10188463626976214,
    "sentKBytesPerSec" : 0.06676399373308646
  },
  "Create Category" : {
    "transaction" : "Create Category",
    "sampleCount" : 10,
    "errorCount" : 10,
    "errorPct" : 100.0,
    "meanResTime" : 146.2,
    "medianResTime" : 150.5,
    "minResTime" : 31.0,
    "maxResTime" : 342.0,
    "pct1ResTime" : 335.0,
    "pct2ResTime" : 342.0,
    "pct3ResTime" : 342.0,
    "throughput" : 0.3543711683617421,
    "receivedKBytesPerSec" : 0.10139721907225628,
    "sentKBytesPerSec" : 0.11908117093093305
  },
  "Total" : {
    "transaction" : "Total",
    "sampleCount" : 70,
    "errorCount" : 60,
    "errorPct" : 85.71429,
    "meanResTime" : 267.1714285714286,
    "medianResTime" : 213.0,
    "minResTime" : 31.0,
    "maxResTime" : 1265.0,
    "pct1ResTime" : 605.8999999999999,
    "pct2ResTime" : 744.8500000000005,
    "pct3ResTime" : 1265.0,
    "throughput" : 1.783394053654684,
    "receivedKBytesPerSec" : 1.544049036967211,
    "sentKBytesPerSec" : 0.46654862296502003
  },
  "Verify OTP and Get JWT" : {
    "transaction" : "Verify OTP and Get JWT",
    "sampleCount" : 10,
    "errorCount" : 10,
    "errorPct" : 100.0,
    "meanResTime" : 245.1,
    "medianResTime" : 281.5,
    "minResTime" : 38.0,
    "maxResTime" : 406.0,
    "pct1ResTime" : 402.90000000000003,
    "pct2ResTime" : 406.0,
    "pct3ResTime" : 406.0,
    "throughput" : 0.37241173841799496,
    "receivedKBytesPerSec" : 0.125470751713094,
    "sentKBytesPerSec" : 0.1112871015194399
  },
  "Get Countries" : {
    "transaction" : "Get Countries",
    "sampleCount" : 10,
    "errorCount" : 0,
    "errorPct" : 0.0,
    "meanResTime" : 246.8,
    "medianResTime" : 165.5,
    "minResTime" : 40.0,
    "maxResTime" : 1227.0,
    "pct1ResTime" : 1129.8000000000002,
    "pct2ResTime" : 1227.0,
    "pct3ResTime" : 1227.0,
    "throughput" : 0.3525968759916787,
    "receivedKBytesPerSec" : 1.4957820598709495,
    "sentKBytesPerSec" : 0.06645624713515039
  },
  "Update Customer Profile" : {
    "transaction" : "Update Customer Profile",
    "sampleCount" : 10,
    "errorCount" : 10,
    "errorPct" : 100.0,
    "meanResTime" : 177.4,
    "medianResTime" : 152.0,
    "minResTime" : 36.0,
    "maxResTime" : 440.0,
    "pct1ResTime" : 425.30000000000007,
    "pct2ResTime" : 440.0,
    "pct3ResTime" : 440.0,
    "throughput" : 0.35646811392720923,
    "receivedKBytesPerSec" : 0.10199722400456279,
    "sentKBytesPerSec" : 0.12361506567924999
  },
  "Get Customer Profile" : {
    "transaction" : "Get Customer Profile",
    "sampleCount" : 10,
    "errorCount" : 10,
    "errorPct" : 100.0,
    "meanResTime" : 220.0,
    "medianResTime" : 223.0,
    "minResTime" : 33.0,
    "maxResTime" : 533.0,
    "pct1ResTime" : 505.2000000000001,
    "pct2ResTime" : 533.0,
    "pct3ResTime" : 533.0,
    "throughput" : 0.35820467815309665,
    "receivedKBytesPerSec" : 0.10249411201060285,
    "sentKBytesPerSec" : 0.0699618512017767
  },
  "Send OTP" : {
    "transaction" : "Send OTP",
    "sampleCount" : 10,
    "errorCount" : 10,
    "errorPct" : 100.0,
    "meanResTime" : 585.1,
    "medianResTime" : 626.0,
    "minResTime" : 115.0,
    "maxResTime" : 1265.0,
    "pct1ResTime" : 1222.5000000000002,
    "pct2ResTime" : 1265.0,
    "pct3ResTime" : 1265.0,
    "throughput" : 0.37220381881118103,
    "receivedKBytesPerSec" : 0.12540070067368891,
    "sentKBytesPerSec" : 0.10359188316522128
  }
}