{
  "8. Add People to Category" : {
    "transaction" : "8. Add People to Category",
    "sampleCount" : 1000,
    "errorCount" : 0,
    "errorPct" : 0.0,
    "meanResTime" : 819.5559999999997,
    "medianResTime" : 852.5,
    "minResTime" : 192.0,
    "maxResTime" : 1750.0,
    "pct1ResTime" : 1144.6999999999998,
    "pct2ResTime" : 1231.9499999999998,
    "pct3ResTime" : 1402.97,
    "throughput" : 3.3111267101969455,
    "receivedKBytesPerSec" : 2.1335296693508865,
    "sentKBytesPerSec" : 1.6226331652384673
  },
  "6. Create Category" : {
    "transaction" : "6. Create Category",
    "sampleCount" : 1000,
    "errorCount" : 0,
    "errorPct" : 0.0,
    "meanResTime" : 422.40200000000004,
    "medianResTime" : 426.5,
    "minResTime" : 138.0,
    "maxResTime" : 859.0,
    "pct1ResTime" : 586.9,
    "pct2ResTime" : 619.0,
    "pct3ResTime" : 725.9100000000001,
    "throughput" : 3.321762527196931,
    "receivedKBytesPerSec" : 1.7864497261622017,
    "sentKBytesPerSec" : 1.6242542902639139
  },
  "2. Verify OTP" : {
    "transaction" : "2. Verify OTP",
    "sampleCount" : 1000,
    "errorCount" : 0,
    "errorPct" : 0.0,
    "meanResTime" : 301.43099999999953,
    "medianResTime" : 290.5,
    "minResTime" : 55.0,
    "maxResTime" : 807.0,
    "pct1ResTime" : 494.79999999999995,
    "pct2ResTime" : 551.0,
    "pct3ResTime" : 632.9300000000001,
    "throughput" : 3.335267788650751,
    "receivedKBytesPerSec" : 1.7422963391683841,
    "sentKBytesPerSec" : 1.0813563533516106
  },
  "9. Mute People" : {
    "transaction" : "9. Mute People",
    "sampleCount" : 1000,
    "errorCount" : 0,
    "errorPct" : 0.0,
    "meanResTime" : 306.3300000000002,
    "medianResTime" : 314.0,
    "minResTime" : 97.0,
    "maxResTime" : 659.0,
    "pct1ResTime" : 417.0,
    "pct2ResTime" : 453.8499999999998,
    "pct3ResTime" : 566.8600000000001,
    "throughput" : 3.311762718824722,
    "receivedKBytesPerSec" : 2.069602670232883,
    "sentKBytesPerSec" : 1.487456879814475
  },
  "3. Get Profile Data" : {
    "transaction" : "3. Get Profile Data",
    "sampleCount" : 1000,
    "errorCount" : 0,
    "errorPct" : 0.0,
    "meanResTime" : 216.23899999999986,
    "medianResTime" : 213.5,
    "minResTime" : 35.0,
    "maxResTime" : 713.0,
    "pct1ResTime" : 364.0,
    "pct2ResTime" : 401.0,
    "pct3ResTime" : 469.98,
    "throughput" : 3.332389156405685,
    "receivedKBytesPerSec" : 1.6856584644767316,
    "sentKBytesPerSec" : 1.2656667850359067
  },
  "Get Category People (for Contact Details)" : {
    "transaction" : "Get Category People (for Contact Details)",
    "sampleCount" : 1000,
    "errorCount" : 0,
    "errorPct" : 0.0,
    "meanResTime" : 494.2199999999995,
    "medianResTime" : 502.5,
    "minResTime" : 146.0,
    "maxResTime" : 1330.0,
    "pct1ResTime" : 667.9,
    "pct2ResTime" : 731.0,
    "pct3ResTime" : 848.9000000000001,
    "throughput" : 3.304561616855908,
    "receivedKBytesPerSec" : 1.6390270637400366,
    "sentKBytesPerSec" : 1.2712332283171188
  },
  "11. View People Details" : {
    "transaction" : "11. View People Details",
    "sampleCount" : 1000,
    "errorCount" : 1000,
    "errorPct" : 100.0,
    "meanResTime" : 1023.8559999999997,
    "medianResTime" : 1038.5,
    "minResTime" : 437.0,
    "maxResTime" : 2271.0,
    "pct1ResTime" : 1337.8,
    "pct2ResTime" : 1438.85,
    "pct3ResTime" : 1785.96,
    "throughput" : 3.2870084278896092,
    "receivedKBytesPerSec" : 1.0239801645476418,
    "sentKBytesPerSec" : 1.2612707153434266
  },
  "7. Update Category" : {
    "transaction" : "7. Update Category",
    "sampleCount" : 1000,
    "errorCount" : 0,
    "errorPct" : 0.0,
    "meanResTime" : 459.25599999999923,
    "medianResTime" : 469.0,
    "minResTime" : 100.0,
    "maxResTime" : 996.0,
    "pct1ResTime" : 666.8,
    "pct2ResTime" : 726.0,
    "pct3ResTime" : 820.95,
    "throughput" : 3.318620781203332,
    "receivedKBytesPerSec" : 1.9630063230096573,
    "sentKBytesPerSec" : 1.7167024369047226
  },
  "1. Send OTP" : {
    "transaction" : "1. Send OTP",
    "sampleCount" : 1000,
    "errorCount" : 0,
    "errorPct" : 0.0,
    "meanResTime" : 389.8040000000006,
    "medianResTime" : 384.5,
    "minResTime" : 107.0,
    "maxResTime" : 984.0,
    "pct1ResTime" : 617.9,
    "pct2ResTime" : 670.9499999999999,
    "pct3ResTime" : 772.8400000000001,
    "throughput" : 3.331478810129028,
    "receivedKBytesPerSec" : 1.1809832110125364,
    "sentKBytesPerSec" : 1.0118065526856717
  },
  "Total" : {
    "transaction" : "Total",
    "sampleCount" : 15000,
    "errorCount" : 2000,
    "errorPct" : 13.333333,
    "meanResTime" : 4402.6573999999955,
    "medianResTime" : 376.0,
    "minResTime" : 35.0,
    "maxResTime" : 60203.0,
    "pct1ResTime" : 1125.8999999999996,
    "pct2ResTime" : 60029.0,
    "pct3ResTime" : 60043.0,
    "throughput" : 33.66489514507325,
    "receivedKBytesPerSec" : 16.807547385443975,
    "sentKBytesPerSec" : 13.843717194261034
  },
  "14. Get Category List" : {
    "transaction" : "14. Get Category List",
    "sampleCount" : 1000,
    "errorCount" : 0,
    "errorPct" : 0.0,
    "meanResTime" : 335.03099999999995,
    "medianResTime" : 331.5,
    "minResTime" : 125.0,
    "maxResTime" : 1102.0,
    "pct1ResTime" : 439.0,
    "pct2ResTime" : 472.0,
    "pct3ResTime" : 790.4100000000005,
    "throughput" : 3.277237943860914,
    "receivedKBytesPerSec" : 2.3070891009307357,
    "sentKBytesPerSec" : 1.2191165129778623
  },
  "4. Update Profile Name" : {
    "transaction" : "4. Update Profile Name",
    "sampleCount" : 1000,
    "errorCount" : 0,
    "errorPct" : 0.0,
    "meanResTime" : 279.2389999999999,
    "medianResTime" : 273.5,
    "minResTime" : 38.0,
    "maxResTime" : 713.0,
    "pct1ResTime" : 480.9,
    "pct2ResTime" : 530.0,
    "pct3ResTime" : 629.8900000000001,
    "throughput" : 3.3278645426016578,
    "receivedKBytesPerSec" : 1.6570848000203,
    "sentKBytesPerSec" : 1.4488430262934577
  },
  "13. Get Incoming Call History" : {
    "transaction" : "13. Get Incoming Call History",
    "sampleCount" : 1000,
    "errorCount" : 0,
    "errorPct" : 0.0,
    "meanResTime" : 328.3639999999996,
    "medianResTime" : 327.0,
    "minResTime" : 124.0,
    "maxResTime" : 1086.0,
    "pct1ResTime" : 426.0,
    "pct2ResTime" : 472.0,
    "pct3ResTime" : 749.8000000000002,
    "throughput" : 3.2806676814865363,
    "receivedKBytesPerSec" : 1.2302503805574512,
    "sentKBytesPerSec" : 1.2620414600529501
  },
  "5. Buzz Installed Contacts" : {
    "transaction" : "5. Buzz Installed Contacts",
    "sampleCount" : 1000,
    "errorCount" : 1000,
    "errorPct" : 100.0,
    "meanResTime" : 60035.59400000001,
    "medianResTime" : 60032.0,
    "minResTime" : 60020.0,
    "maxResTime" : 60203.0,
    "pct1ResTime" : 60045.0,
    "pct2ResTime" : 60050.0,
    "pct3ResTime" : 60107.98,
    "throughput" : 2.7739481881957406,
    "receivedKBytesPerSec" : 0.7910086630401917,
    "sentKBytesPerSec" : 1.0725291880029515
  },
  "12. Remove People from Category" : {
    "transaction" : "12. Remove People from Category",
    "sampleCount" : 1000,
    "errorCount" : 0,
    "errorPct" : 0.0,
    "meanResTime" : 321.08200000000005,
    "medianResTime" : 321.0,
    "minResTime" : 97.0,
    "maxResTime" : 1062.0,
    "pct1ResTime" : 431.0,
    "pct2ResTime" : 465.0,
    "pct3ResTime" : 800.3400000000006,
    "throughput" : 3.283425269240872,
    "receivedKBytesPerSec" : 1.2120456560283688,
    "sentKBytesPerSec" : 1.4426645970826766
  },
  "10. Block People" : {
    "transaction" : "10. Block People",
    "sampleCount" : 1000,
    "errorCount" : 0,
    "errorPct" : 0.0,
    "meanResTime" : 307.457,
    "medianResTime" : 314.0,
    "minResTime" : 96.0,
    "maxResTime" : 731.0,
    "pct1ResTime" : 417.0,
    "pct2ResTime" : 452.0,
    "pct3ResTime" : 545.98,
    "throughput" : 3.309176346007479,
    "receivedKBytesPerSec" : 2.2134091703481253,
    "sentKBytesPerSec" : 1.418431259100235
  }
}