{
  "Regular Caller - Read Response" : {
    "transaction" : "Regular Caller - Read Response",
    "sampleCount" : 288,
    "errorCount" : 50,
    "errorPct" : 17.36111,
    "meanResTime" : 0.07638888888888892,
    "medianResTime" : 0.0,
    "minResTime" : 0.0,
    "maxResTime" : 1.0,
    "pct1ResTime" : 0.0,
    "pct2ResTime" : 1.0,
    "pct3ResTime" : 1.0,
    "throughput" : 3.1458563173819485,
    "receivedKBytesPerSec" : 0.2621973615222449,
    "sentKBytesPerSec" : 0.0
  },
  "Heavy Caller - Read Response" : {
    "transaction" : "Heavy Caller - Read Response",
    "sampleCount" : 240,
    "errorCount" : 35,
    "errorPct" : 14.583333,
    "meanResTime" : 133.5708333333334,
    "medianResTime" : 0.0,
    "minResTime" : 0.0,
    "maxResTime" : 6013.0,
    "pct1ResTime" : 0.0,
    "pct2ResTime" : 1.0,
    "pct3ResTime" : 6010.95,
    "throughput" : 2.4442905446694096,
    "receivedKBytesPerSec" : 0.1528178882602762,
    "sentKBytesPerSec" : 0.0
  },
  "02 - Register" : {
    "transaction" : "02 - Register",
    "sampleCount" : 120,
    "errorCount" : 0,
    "errorPct" : 0.0,
    "meanResTime" : 0.3833333333333336,
    "medianResTime" : 0.0,
    "minResTime" : 0.0,
    "maxResTime" : 2.0,
    "pct1ResTime" : 1.0,
    "pct2ResTime" : 1.0,
    "pct3ResTime" : 2.0,
    "throughput" : 6.2754941951678695,
    "receivedKBytesPerSec" : 0.0,
    "sentKBytesPerSec" : 0.2451364919987449
  },
  "04 - Call Received" : {
    "transaction" : "04 - Call Received",
    "sampleCount" : 271,
    "errorCount" : 26,
    "errorPct" : 9.594096,
    "meanResTime" : 3814.4612546125436,
    "medianResTime" : 6000.0,
    "minResTime" : 0.0,
    "maxResTime" : 6016.0,
    "pct1ResTime" : 6010.0,
    "pct2ResTime" : 6012.0,
    "pct3ResTime" : 6015.0,
    "throughput" : 2.906259718811329,
    "receivedKBytesPerSec" : 0.09136520477870602,
    "sentKBytesPerSec" : 0.0
  },
  "01 - Connect" : {
    "transaction" : "01 - Connect",
    "sampleCount" : 120,
    "errorCount" : 0,
    "errorPct" : 0.0,
    "meanResTime" : 109.70833333333336,
    "medianResTime" : 58.5,
    "minResTime" : 52.0,
    "maxResTime" : 722.0,
    "pct1ResTime" : 231.60000000000002,
    "pct2ResTime" : 338.9999999999998,
    "pct3ResTime" : 713.5999999999997,
    "throughput" : 6.1945075366508355,
    "receivedKBytesPerSec" : 0.7803627658476151,
    "sentKBytesPerSec" : 0.955793155069172
  },
  "Total" : {
    "transaction" : "Total",
    "sampleCount" : 2187,
    "errorCount" : 111,
    "errorPct" : 5.0754457,
    "meanResTime" : 493.78006401463284,
    "medianResTime" : 0.0,
    "minResTime" : 0.0,
    "maxResTime" : 6016.0,
    "pct1ResTime" : 168.80000000000064,
    "pct2ResTime" : 6001.0,
    "pct3ResTime" : 6011.0,
    "throughput" : 18.844026262730704,
    "receivedKBytesPerSec" : 0.5397775923460683,
    "sentKBytesPerSec" : 0.4646198587128849
  },
  "Select Random Target" : {
    "transaction" : "Select Random Target",
    "sampleCount" : 528,
    "errorCount" : 0,
    "errorPct" : 0.0,
    "meanResTime" : 1.1268939393939392,
    "medianResTime" : 1.0,
    "minResTime" : 0.0,
    "maxResTime" : 297.0,
    "pct1ResTime" : 1.0,
    "pct2ResTime" : 1.0,
    "pct3ResTime" : 2.0,
    "throughput" : 5.377713046046669,
    "receivedKBytesPerSec" : 0.0,
    "sentKBytesPerSec" : 0.0
  },
  "07 - Call Ended" : {
    "transaction" : "07 - Call Ended",
    "sampleCount" : 17,
    "errorCount" : 0,
    "errorPct" : 0.0,
    "meanResTime" : 0.3529411764705883,
    "medianResTime" : 0.0,
    "minResTime" : 0.0,
    "maxResTime" : 2.0,
    "pct1ResTime" : 1.1999999999999993,
    "pct2ResTime" : 2.0,
    "pct3ResTime" : 2.0,
    "throughput" : 0.42799597180261834,
    "receivedKBytesPerSec" : 0.0,
    "sentKBytesPerSec" : 0.027167713053877142
  },
  "06 - Call Rejected" : {
    "transaction" : "06 - Call Rejected",
    "sampleCount" : 10,
    "errorCount" : 0,
    "errorPct" : 0.0,
    "meanResTime" : 0.39999999999999997,
    "medianResTime" : 0.0,
    "minResTime" : 0.0,
    "maxResTime" : 1.0,
    "pct1ResTime" : 1.0,
    "pct2ResTime" : 1.0,
    "pct3ResTime" : 1.0,
    "throughput" : 0.17267280230690865,
    "receivedKBytesPerSec" : 0.0,
    "sentKBytesPerSec" : 0.012478307979210195
  },
  "Process Call Decision" : {
    "transaction" : "Process Call Decision",
    "sampleCount" : 43,
    "errorCount" : 0,
    "errorPct" : 0.0,
    "meanResTime" : 4.046511627906977,
    "medianResTime" : 0.0,
    "minResTime" : 0.0,
    "maxResTime" : 128.0,
    "pct1ResTime" : 1.6000000000000014,
    "pct2ResTime" : 14.0,
    "pct3ResTime" : 128.0,
    "throughput" : 0.5678666701883204,
    "receivedKBytesPerSec" : 0.0,
    "sentKBytesPerSec" : 0.0
  },
  "03 - Call Initiated" : {
    "transaction" : "03 - Call Initiated",
    "sampleCount" : 528,
    "errorCount" : 0,
    "errorPct" : 0.0,
    "meanResTime" : 0.20075757575757575,
    "medianResTime" : 0.0,
    "minResTime" : 0.0,
    "maxResTime" : 2.0,
    "pct1ResTime" : 1.0,
    "pct2ResTime" : 1.0,
    "pct3ResTime" : 1.0,
    "throughput" : 5.244963642865658,
    "receivedKBytesPerSec" : 0.0,
    "sentKBytesPerSec" : 0.2714678447967576
  },
  "05 - Call Accepted" : {
    "transaction" : "05 - Call Accepted",
    "sampleCount" : 22,
    "errorCount" : 0,
    "errorPct" : 0.0,
    "meanResTime" : 0.13636363636363638,
    "medianResTime" : 0.0,
    "minResTime" : 0.0,
    "maxResTime" : 1.0,
    "pct1ResTime" : 1.0,
    "pct2ResTime" : 1.0,
    "pct3ResTime" : 1.0,
    "throughput" : 0.3825953879865048,
    "receivedKBytesPerSec" : 0.0,
    "sentKBytesPerSec" : 0.02764849483496226
  }
}