{
  "Total" : {
    "transaction" : "Total",
    "sampleCount" : 2,
    "errorCount" : 1,
    "errorPct" : 50.0,
    "meanResTime" : 1493.5,
    "medianResTime" : 1493.5,
    "minResTime" : 1210.0,
    "maxResTime" : 1777.0,
    "pct1ResTime" : 1777.0,
    "pct2ResTime" : 1777.0,
    "pct3ResTime" : 1777.0,
    "throughput" : 1.1254924029262803,
    "receivedKBytesPerSec" : 0.45173572031513787,
    "sentKBytesPerSec" : 0.22971475801913338
  },
  "Get Countries" : {
    "transaction" : "Get Countries",
    "sampleCount" : 1,
    "errorCount" : 0,
    "errorPct" : 0.0,
    "meanResTime" : 1777.0,
    "medianResTime" : 1777.0,
    "minResTime" : 1777.0,
    "maxResTime" : 1777.0,
    "pct1ResTime" : 1777.0,
    "pct2ResTime" : 1777.0,
    "pct3ResTime" : 1777.0,
    "throughput" : 0.5627462014631401,
    "receivedKBytesPerSec" : 0.28906689645469896,
    "sentKBytesPerSec" : 0.11815472003376477
  },
  "Send OTP" : {
    "transaction" : "Send OTP",
    "sampleCount" : 1,
    "errorCount" : 1,
    "errorPct" : 100.0,
    "meanResTime" : 1210.0,
    "medianResTime" : 1210.0,
    "minResTime" : 1210.0,
    "maxResTime" : 1210.0,
    "pct1ResTime" : 1210.0,
    "pct2ResTime" : 1210.0,
    "pct3ResTime" : 1210.0,
    "throughput" : 0.8264462809917356,
    "receivedKBytesPerSec" : 0.23889462809917356,
    "sentKBytesPerSec" : 0.16383651859504134
  }
}