{
  "8. Add People to Category" : {
    "transaction" : "8. Add People to Category",
    "sampleCount" : 1000,
    "errorCount" : 39,
    "errorPct" : 3.9,
    "meanResTime" : 4287.514000000005,
    "medianResTime" : 4044.5,
    "minResTime" : 33.0,
    "maxResTime" : 7287.0,
    "pct1ResTime" : 5547.8,
    "pct2ResTime" : 5632.95,
    "pct3ResTime" : 6973.95,
    "throughput" : 1.908083787775289,
    "receivedKBytesPerSec" : 1.2801621090097808,
    "sentKBytesPerSec" : 0.8473215005504822
  },
  "6. Create Category" : {
    "transaction" : "6. Create Category",
    "sampleCount" : 1000,
    "errorCount" : 39,
    "errorPct" : 3.9,
    "meanResTime" : 2092.848,
    "medianResTime" : 1886.5,
    "minResTime" : 32.0,
    "maxResTime" : 7470.0,
    "pct1ResTime" : 3301.0,
    "pct2ResTime" : 3455.0,
    "pct3ResTime" : 4391.560000000001,
    "throughput" : 1.927049609965159,
    "receivedKBytesPerSec" : 1.0162156858706795,
    "sentKBytesPerSec" : 0.8529998531829078
  },
  "2. Verify OTP" : {
    "transaction" : "2. Verify OTP",
    "sampleCount" : 1000,
    "errorCount" : 39,
    "errorPct" : 3.9,
    "meanResTime" : 1328.763,
    "medianResTime" : 840.5,
    "minResTime" : 227.0,
    "maxResTime" : 31084.0,
    "pct1ResTime" : 1633.8,
    "pct2ResTime" : 2441.85,
    "pct3ResTime" : 19212.95,
    "throughput" : 3.3222922487599544,
    "receivedKBytesPerSec" : 1.8324745294388316,
    "sentKBytesPerSec" : 0.9309101814137682
  },
  "9. Mute People" : {
    "transaction" : "9. Mute People",
    "sampleCount" : 1000,
    "errorCount" : 39,
    "errorPct" : 3.9,
    "meanResTime" : 1655.0299999999982,
    "medianResTime" : 1453.0,
    "minResTime" : 32.0,
    "maxResTime" : 4661.0,
    "pct1ResTime" : 2835.7,
    "pct2ResTime" : 2913.8999999999996,
    "pct3ResTime" : 3141.95,
    "throughput" : 1.9082840518976931,
    "receivedKBytesPerSec" : 1.1660696421108676,
    "sentKBytesPerSec" : 0.7693403694151683
  },
  "3. Get Profile Data" : {
    "transaction" : "3. Get Profile Data",
    "sampleCount" : 1000,
    "errorCount" : 54,
    "errorPct" : 5.4,
    "meanResTime" : 1241.6009999999999,
    "medianResTime" : 687.0,
    "minResTime" : 33.0,
    "maxResTime" : 31032.0,
    "pct1ResTime" : 1463.9999999999993,
    "pct2ResTime" : 2521.449999999998,
    "pct3ResTime" : 19221.99,
    "throughput" : 3.3076986686512857,
    "receivedKBytesPerSec" : 1.7674481104771356,
    "sentKBytesPerSec" : 1.0862366141569504
  },
  "Get Category People (for Contact Details)" : {
    "transaction" : "Get Category People (for Contact Details)",
    "sampleCount" : 1000,
    "errorCount" : 39,
    "errorPct" : 3.9,
    "meanResTime" : 2526.9719999999998,
    "medianResTime" : 2314.5,
    "minResTime" : 32.0,
    "maxResTime" : 5603.0,
    "pct1ResTime" : 3795.0,
    "pct2ResTime" : 3851.95,
    "pct3ResTime" : 5240.98,
    "throughput" : 1.8944201748170937,
    "receivedKBytesPerSec" : 0.9241181414885596,
    "sentKBytesPerSec" : 0.6416497333129999
  },
  "11. View People Details" : {
    "transaction" : "11. View People Details",
    "sampleCount" : 1000,
    "errorCount" : 999,
    "errorPct" : 99.9,
    "meanResTime" : 4944.420999999984,
    "medianResTime" : 5463.5,
    "minResTime" : 35.0,
    "maxResTime" : 7686.0,
    "pct1ResTime" : 6063.0,
    "pct2ResTime" : 6224.399999999996,
    "pct3ResTime" : 7531.6900000000005,
    "throughput" : 1.8905092653859097,
    "receivedKBytesPerSec" : 0.5870326661095966,
    "sentKBytesPerSec" : 0.6388388970627158
  },
  "7. Update Category" : {
    "transaction" : "7. Update Category",
    "sampleCount" : 1000,
    "errorCount" : 39,
    "errorPct" : 3.9,
    "meanResTime" : 2558.759999999995,
    "medianResTime" : 2294.0,
    "minResTime" : 33.0,
    "maxResTime" : 5609.0,
    "pct1ResTime" : 3744.5,
    "pct2ResTime" : 3831.95,
    "pct3ResTime" : 5287.400000000001,
    "throughput" : 1.9261773277371461,
    "receivedKBytesPerSec" : 1.1151776693928497,
    "sentKBytesPerSec" : 0.9078239276489272
  },
  "1. Send OTP" : {
    "transaction" : "1. Send OTP",
    "sampleCount" : 1000,
    "errorCount" : 25,
    "errorPct" : 2.5,
    "meanResTime" : 2645.7040000000065,
    "medianResTime" : 1218.0,
    "minResTime" : 291.0,
    "maxResTime" : 30278.0,
    "pct1ResTime" : 3306.7999999999997,
    "pct2ResTime" : 15997.699999999995,
    "pct3ResTime" : 21061.94,
    "throughput" : 3.3198767661744397,
    "receivedKBytesPerSec" : 1.3765817137867842,
    "sentKBytesPerSec" : 0.8534741784134973
  },
  "Total" : {
    "transaction" : "Total",
    "sampleCount" : 15000,
    "errorCount" : 2670,
    "errorPct" : 17.8,
    "meanResTime" : 17205.355266666666,
    "medianResTime" : 1645.5,
    "minResTime" : 30.0,
    "maxResTime" : 247115.0,
    "pct1ResTime" : 5847.0,
    "pct2ResTime" : 240010.0,
    "pct3ResTime" : 240037.0,
    "throughput" : 23.269198252017826,
    "receivedKBytesPerSec" : 15.904771206092962,
    "sentKBytesPerSec" : 7.965084434709732
  },
  "14. Get Category List" : {
    "transaction" : "14. Get Category List",
    "sampleCount" : 1000,
    "errorCount" : 111,
    "errorPct" : 11.1,
    "meanResTime" : 1543.5590000000013,
    "medianResTime" : 1403.5,
    "minResTime" : 41.0,
    "maxResTime" : 4662.0,
    "pct1ResTime" : 2859.6,
    "pct2ResTime" : 2944.8999999999996,
    "pct3ResTime" : 4521.730000000004,
    "throughput" : 1.8901519304121663,
    "receivedKBytesPerSec" : 1.2370103000285413,
    "sentKBytesPerSec" : 0.6155600939547271
  },
  "4. Update Profile Name" : {
    "transaction" : "4. Update Profile Name",
    "sampleCount" : 1000,
    "errorCount" : 55,
    "errorPct" : 5.5,
    "meanResTime" : 1498.8230000000017,
    "medianResTime" : 914.5,
    "minResTime" : 31.0,
    "maxResTime" : 43015.0,
    "pct1ResTime" : 1912.0,
    "pct2ResTime" : 2910.0,
    "pct3ResTime" : 19234.88,
    "throughput" : 3.289138278662373,
    "receivedKBytesPerSec" : 1.743962786689515,
    "sentKBytesPerSec" : 1.2588919797652214
  },
  "13. Get Incoming Call History" : {
    "transaction" : "13. Get Incoming Call History",
    "sampleCount" : 1000,
    "errorCount" : 81,
    "errorPct" : 8.1,
    "meanResTime" : 1456.4050000000009,
    "medianResTime" : 1371.5,
    "minResTime" : 47.0,
    "maxResTime" : 4723.0,
    "pct1ResTime" : 2266.899999999999,
    "pct2ResTime" : 2897.8999999999996,
    "pct3ResTime" : 4641.42,
    "throughput" : 1.888666865606243,
    "receivedKBytesPerSec" : 0.6951972470555683,
    "sentKBytesPerSec" : 0.6390536734334452
  },
  "5. Buzz Installed Contacts" : {
    "transaction" : "5. Buzz Installed Contacts",
    "sampleCount" : 1000,
    "errorCount" : 1000,
    "errorPct" : 100.0,
    "meanResTime" : 226968.1760000001,
    "medianResTime" : 240023.0,
    "minResTime" : 32.0,
    "maxResTime" : 247115.0,
    "pct1ResTime" : 240039.0,
    "pct2ResTime" : 240042.0,
    "pct3ResTime" : 240286.29,
    "throughput" : 1.8389350359419854,
    "receivedKBytesPerSec" : 5.509596626151863,
    "sentKBytesPerSec" : 0.014497775923007468
  },
  "12. Remove People from Category" : {
    "transaction" : "12. Remove People from Category",
    "sampleCount" : 1000,
    "errorCount" : 72,
    "errorPct" : 7.2,
    "meanResTime" : 1724.8070000000016,
    "medianResTime" : 1475.5,
    "minResTime" : 33.0,
    "maxResTime" : 4711.0,
    "pct1ResTime" : 2865.0,
    "pct2ResTime" : 2924.8999999999996,
    "pct3ResTime" : 3891.8100000000013,
    "throughput" : 1.8911671148732727,
    "receivedKBytesPerSec" : 0.6872305530103598,
    "sentKBytesPerSec" : 0.7446193488380669
  },
  "10. Block People" : {
    "transaction" : "10. Block People",
    "sampleCount" : 1000,
    "errorCount" : 39,
    "errorPct" : 3.9,
    "meanResTime" : 1606.9459999999997,
    "medianResTime" : 1394.0,
    "minResTime" : 30.0,
    "maxResTime" : 4653.0,
    "pct1ResTime" : 2941.2,
    "pct2ResTime" : 3030.5999999999995,
    "pct3ResTime" : 4550.8,
    "throughput" : 1.9049614721542256,
    "receivedKBytesPerSec" : 1.244488633928316,