{
  "Get Categories" : {
    "transaction" : "Get Categories",
    "sampleCount" : 10,
    "errorCount" : 0,
    "errorPct" : 0.0,
    "meanResTime" : 155.89999999999998,
    "medianResTime" : 115.0,
    "minResTime" : 41.0,
    "maxResTime" : 465.0,
    "pct1ResTime" : 444.5000000000001,
    "pct2ResTime" : 465.0,
    "pct3ResTime" : 465.0,
    "throughput" : 0.3948043744324687,
    "receivedKBytesPerSec" : 0.22670407438114415,
    "sentKBytesPerSec" : 0.1299307365075605
  },
  "Get Customer Profile (Verify Update)" : {
    "transaction" : "Get Customer Profile (Verify Update)",
    "sampleCount" : 10,
    "errorCount" : 0,
    "errorPct" : 0.0,
    "meanResTime" : 204.0,
    "medianResTime" : 209.5,
    "minResTime" : 47.0,
    "maxResTime" : 355.0,
    "pct1ResTime" : 353.2,
    "pct2ResTime" : 355.0,
    "pct3ResTime" : 355.0,
    "throughput" : 0.38034383082306406,
    "receivedKBytesPerSec" : 0.19722907633500683,
    "sentKBytesPerSec" : 0.12814318518941123
  },
  "Total" : {
    "transaction" : "Total",
    "sampleCount" : 60,
    "errorCount" : 0,
    "errorPct" : 0.0,
    "meanResTime" : 252.48333333333332,
    "medianResTime" : 187.0,
    "minResTime" : 41.0,
    "maxResTime" : 1529.0,
    "pct1ResTime" : 538.9999999999999,
    "pct2ResTime" : 717.8999999999996,
    "pct3ResTime" : 1529.0,
    "throughput" : 1.7517225271516992,
    "receivedKBytesPerSec" : 2.006326729096111,
    "sentKBytesPerSec" : 0.5981630634707462
  },
  "Verify OTP and Get JWT" : {
    "transaction" : "Verify OTP and Get JWT",
    "sampleCount" : 10,
    "errorCount" : 0,
    "errorPct" : 0.0,
    "meanResTime" : 631.4999999999999,
    "medianResTime" : 507.0,
    "minResTime" : 109.0,
    "maxResTime" : 1529.0,
    "pct1ResTime" : 1483.8000000000002,
    "pct2ResTime" : 1529.0,
    "pct3ResTime" : 1529.0,
    "throughput" : 0.35056967572305,
    "receivedKBytesPerSec" : 0.1821319018404908,
    "sentKBytesPerSec" : 0.0992824276950044
  },
  "Get Countries" : {
    "transaction" : "Get Countries",
    "sampleCount" : 10,
    "errorCount" : 0,
    "errorPct" : 0.0,
    "meanResTime" : 213.8,
    "medianResTime" : 171.0,
    "minResTime" : 42.0,
    "maxResTime" : 722.0,
    "pct1ResTime" : 679.1000000000001,
    "pct2ResTime" : 722.0,
    "pct3ResTime" : 722.0,
    "throughput" : 0.3783006733751986,
    "receivedKBytesPerSec" : 1.6048223878338503,
    "sentKBytesPerSec" : 0.12486877695392297
  },
  "Update Customer Profile" : {
    "transaction" : "Update Customer Profile",
    "sampleCount" : 10,
    "errorCount" : 0,
    "errorPct" : 0.0,
    "meanResTime" : 151.5,
    "medianResTime" : 163.5,
    "minResTime" : 41.0,
    "maxResTime" : 283.0,
    "pct1ResTime" : 282.9,
    "pct2ResTime" : 283.0,
    "pct3ResTime" : 283.0,
    "throughput" : 0.38595137012736397,
    "receivedKBytesPerSec" : 0.19259877942879197,
    "sentKBytesPerSec" : 0.1669691962562717
  },
  "Get Customer Profile" : {
    "transaction" : "Get Customer Profile",
    "sampleCount" : 10,
    "errorCount" : 0,
    "errorPct" : 0.0,
    "meanResTime" : 158.2,
    "medianResTime" : 170.5,
    "minResTime" : 46.0,
    "maxResTime" : 275.0,
    "pct1ResTime" : 268.1,
    "pct2ResTime" : 275.0,
    "pct3ResTime" : 275.0,
    "throughput" : 0.37383177570093457,
    "receivedKBytesPerSec" : 0.19385221962616822,
    "sentKBytesPerSec" : 0.12594918224299065
  }
}