{
  "Send OTP (Debug)" : {
    "transaction" : "Send OTP (Debug)",
    "sampleCount" : 10,
    "errorCount" : 10,
    "errorPct" : 100.0,
    "meanResTime" : 175.2,
    "medianResTime" : 111.0,
    "minResTime" : 103.0,
    "maxResTime" : 446.0,
    "pct1ResTime" : 441.8,
    "pct2ResTime" : 446.0,
    "pct3ResTime" : 446.0,
    "throughput" : 0.3703155088135091,
    "receivedKBytesPerSec" : 0.1247645024811139,
    "sentKBytesPerSec" : 0.10306632813657235
  },
  "Total" : {
    "transaction" : "Total",
    "sampleCount" : 50,
    "errorCount" : 40,
    "errorPct" : 80.0,
    "meanResTime" : 100.38000000000001,
    "medianResTime" : 39.0,
    "minResTime" : 29.0,
    "maxResTime" : 631.0,
    "pct1ResTime" : 234.89999999999998,
    "pct2ResTime" : 422.8999999999998,
    "pct3ResTime" : 631.0,
    "throughput" : 1.4194061204791915,
    "receivedKBytesPerSec" : 1.5580199994322377,
    "sentKBytesPerSec" : 0.3717901461278601
  },
  "Verify OTP and Get JWT" : {
    "transaction" : "Verify OTP and Get JWT",
    "sampleCount" : 10,
    "errorCount" : 10,
    "errorPct" : 100.0,
    "meanResTime" : 53.60000000000001,
    "medianResTime" : 38.0,
    "minResTime" : 36.0,
    "maxResTime" : 195.0,
    "pct1ResTime" : 179.50000000000006,
    "pct2ResTime" : 195.0,
    "pct3ResTime" : 195.0,
    "throughput" : 0.37564328913263967,
    "receivedKBytesPerSec" : 0.12655950659253973,
    "sentKBytesPerSec" : 0.1122527797603396
  },
  "Get Countries" : {
    "transaction" : "Get Countries",
    "sampleCount" : 10,
    "errorCount" : 0,
    "errorPct" : 0.0,
    "meanResTime" : 125.39999999999999,
    "medianResTime" : 41.5,
    "minResTime" : 36.0,
    "maxResTime" : 631.0,
    "pct1ResTime" : 583.1000000000001,
    "pct2ResTime" : 631.0,
    "pct3ResTime" : 631.0,
    "throughput" : 0.38216073680590057,
    "receivedKBytesPerSec" : 1.621197500668781,
    "sentKBytesPerSec" : 0.07202834199564337
  },
  "Update Customer Profile" : {
    "transaction" : "Update Customer Profile",
    "sampleCount" : 10,
    "errorCount" : 10,
    "errorPct" : 100.0,
    "meanResTime" : 51.699999999999996,
    "medianResTime" : 32.0,
    "minResTime" : 29.0,
    "maxResTime" : 225.0,
    "pct1ResTime" : 206.10000000000008,
    "pct2ResTime" : 225.0,
    "pct3ResTime" : 225.0,
    "throughput" : 0.36708024374128184,
    "receivedKBytesPerSec" : 0.1050337025548785,
    "sentKBytesPerSec" : 0.12801206546876145
  },
  "Get Customer Profile" : {
    "transaction" : "Get Customer Profile",
    "sampleCount" : 10,
    "errorCount" : 10,
    "errorPct" : 100.0,
    "meanResTime" : 96.0,
    "medianResTime" : 36.0,
    "minResTime" : 33.0,
    "maxResTime" : 281.0,
    "pct1ResTime" : 276.5,
    "pct2ResTime" : 281.0,
    "pct3ResTime" : 281.0,
    "throughput" : 0.3819855609457963,
    "receivedKBytesPerSec" : 0.10929860288781085,
    "sentKBytesPerSec" : 0.07460655487222584
  }
}