{
  "Get Categories" : {
    "transaction" : "Get Categories",
    "sampleCount" : 10,
    "errorCount" : 10,
    "errorPct" : 100.0,
    "meanResTime" : 36.6,
    "medianResTime" : 33.0,
    "minResTime" : 30.0,
    "maxResTime" : 64.0,
    "pct1ResTime" : 61.900000000000006,
    "pct2ResTime" : 64.0,
    "pct3ResTime" : 64.0,
    "throughput" : 0.37701704117026086,
    "receivedKBytesPerSec" : 0.10787694635047504,
    "sentKBytesPerSec" : 0.07069069521942392
  },
  "Create Category" : {
    "transaction" : "Create Category",
    "sampleCount" : 10,
    "errorCount" : 10,
    "errorPct" : 100.0,
    "meanResTime" : 76.89999999999999,
    "medianResTime" : 39.0,
    "minResTime" : 31.0,
    "maxResTime" : 288.0,
    "pct1ResTime" : 273.80000000000007,
    "pct2ResTime" : 288.0,
    "pct3ResTime" : 288.0,
    "throughput" : 0.37543174650848476,
    "receivedKBytesPerSec" : 0.1074233415302598,
    "sentKBytesPerSec" : 0.1289813363493017
  },
  "Total" : {
    "transaction" : "Total",
    "sampleCount" : 60,
    "errorCount" : 50,
    "errorPct" : 83.333336,
    "meanResTime" : 87.51666666666668,
    "medianResTime" : 43.0,
    "minResTime" : 30.0,
    "maxResTime" : 493.0,
    "pct1ResTime" : 219.8,
    "pct2ResTime" : 320.29999999999984,
    "pct3ResTime" : 493.0,
    "throughput" : 1.8976532354987665,
    "receivedKBytesPerSec" : 1.8102450542412551,
    "sentKBytesPerSec" : 0.49414964379467397
  },
  "Get Countries" : {
    "transaction" : "Get Countries",
    "sampleCount" : 10,
    "errorCount" : 0,
    "errorPct" : 0.0,
    "meanResTime" : 78.39999999999999,
    "medianResTime" : 45.5,
    "minResTime" : 40.0,
    "maxResTime" : 363.0,
    "pct1ResTime" : 332.8000000000001,
    "pct2ResTime" : 363.0,
    "pct3ResTime" : 363.0,
    "throughput" : 0.37598225363762827,
    "receivedKBytesPerSec" : 1.5949872166033763,
    "sentKBytesPerSec" : 0.0708638427266233
  },
  "Verify OTP and Get JWT (Random Phone)" : {
    "transaction" : "Verify OTP and Get JWT (Random Phone)",
    "sampleCount" : 10,
    "errorCount" : 10,
    "errorPct" : 100.0,
    "meanResTime" : 207.59999999999997,
    "medianResTime" : 189.5,
    "minResTime" : 102.0,
    "maxResTime" : 493.0,
    "pct1ResTime" : 475.9000000000001,
    "pct2ResTime" : 493.0,
    "pct3ResTime" : 493.0,
    "throughput" : 0.3634513338663953,
    "receivedKBytesPerSec" : 0.12245186541397107,
    "sentKBytesPerSec" : 0.1086094806280439
  },
  "Get Customer Profile" : {
    "transaction" : "Get Customer Profile",
    "sampleCount" : 10,
    "errorCount" : 10,
    "errorPct" : 100.0,
    "meanResTime" : 72.0,
    "medianResTime" : 34.0,
    "minResTime" : 33.0,
    "maxResTime" : 220.0,
    "pct1ResTime" : 214.3,
    "pct2ResTime" : 220.0,
    "pct3ResTime" : 220.0,
    "throughput" : 0.3714710252600297,
    "receivedKBytesPerSec" : 0.10629004921991084,
    "sentKBytesPerSec" : 0.07255293462109955
  },
  "Update Customer Profile (Same Name for Easy Cleanup)" : {
    "transaction" : "Update Customer Profile (Same Name for Easy Cleanup)",
    "sampleCount" : 10,
    "errorCount" : 10,
    "errorPct" : 100.0,
    "meanResTime" : 53.6,
    "medianResTime" : 33.0,
    "minResTime" : 32.0,
    "maxResTime" : 218.0,
    "pct1ResTime" : 201.20000000000005,
    "pct2ResTime" : 218.0,
    "pct3ResTime" : 218.0,
    "throughput" : 0.360100828231905,
    "receivedKBytesPerSec" : 0.10303666276557437,
    "sentKBytesPerSec" : 0.12557813062657544
  }
}