{
  "Get Categories" : {
    "transaction" : "Get Categories",
    "sampleCount" : 10,
    "errorCount" : 7,
    "errorPct" : 70.0,
    "meanResTime" : 68.6,
    "medianResTime" : 37.0,
    "minResTime" : 28.0,
    "maxResTime" : 263.0,
    "pct1ResTime" : 247.90000000000006,
    "pct2ResTime" : 263.0,
    "pct3ResTime" : 263.0,
    "throughput" : 0.35954409808362997,
    "receivedKBytesPerSec" : 0.13395124357314925,
    "sentKBytesPerSec" : 0.0826881202135692
  },
  "Get Customer Profile (Verify Update)" : {
    "transaction" : "Get Customer Profile (Verify Update)",
    "sampleCount" : 10,
    "errorCount" : 7,
    "errorPct" : 70.0,
    "meanResTime" : 39.2,
    "medianResTime" : 31.0,
    "minResTime" : 29.0,
    "maxResTime" : 104.0,
    "pct1ResTime" : 97.40000000000002,
    "pct2ResTime" : 104.0,
    "pct3ResTime" : 104.0,
    "throughput" : 0.3544339689515843,
    "receivedKBytesPerSec" : 0.12612865066988022,
    "sentKBytesPerSec" : 0.08428190570284257
  },
  "Total" : {
    "transaction" : "Total",
    "sampleCount" : 60,
    "errorCount" : 35,
    "errorPct" : 58.333332,
    "meanResTime" : 70.85000000000001,
    "medianResTime" : 37.5,
    "minResTime" : 28.0,
    "maxResTime" : 517.0,
    "pct1ResTime" : 124.8,
    "pct2ResTime" : 259.7499999999997,
    "pct3ResTime" : 517.0,
    "throughput" : 1.8365472910927456,
    "receivedKBytesPerSec" : 1.8507757499234772,
    "sentKBytesPerSec" : 0.47752023071625344
  },
  "Verify OTP and Get JWT" : {
    "transaction" : "Verify OTP and Get JWT",
    "sampleCount" : 10,
    "errorCount" : 7,
    "errorPct" : 70.0,
    "meanResTime" : 170.6,
    "medianResTime" : 109.5,
    "minResTime" : 98.0,
    "maxResTime" : 517.0,
    "pct1ResTime" : 496.5000000000001,
    "pct2ResTime" : 517.0,
    "pct3ResTime" : 517.0,
    "throughput" : 0.37516413430876006,
    "receivedKBytesPerSec" : 0.14028354201838303,
    "sentKBytesPerSec" : 0.10807951134871506
  },
  "Get Countries" : {
    "transaction" : "Get Countries",
    "sampleCount" : 10,
    "errorCount" : 0,
    "errorPct" : 0.0,
    "meanResTime" : 77.3,
    "medianResTime" : 43.5,
    "minResTime" : 37.0,
    "maxResTime" : 198.0,
    "pct1ResTime" : 196.9,
    "pct2ResTime" : 198.0,
    "pct3ResTime" : 198.0,
    "throughput" : 0.4147828611721764,
    "receivedKBytesPerSec" : 1.7595866688788417,
    "sentKBytesPerSec" : 0.09579701822970674
  },
  "Update Customer Profile" : {
    "transaction" : "Update Customer Profile",
    "sampleCount" : 10,
    "errorCount" : 7,
    "errorPct" : 70.0,
    "meanResTime" : 35.9,
    "medianResTime" : 32.5,
    "minResTime" : 30.0,
    "maxResTime" : 50.0,
    "pct1ResTime" : 49.2,
    "pct2ResTime" : 50.0,
    "pct3ResTime" : 50.0,
    "throughput" : 0.3548993860240622,
    "receivedKBytesPerSec" : 0.12421478510842177,
    "sentKBytesPerSec" : 0.11905072177662633
  },
  "Get Customer Profile" : {
    "transaction" : "Get Customer Profile",
    "sampleCount" : 10,
    "errorCount" : 7,
    "errorPct" : 70.0,
    "meanResTime" : 33.5,
    "medianResTime" : 34.5,
    "minResTime" : 29.0,
    "maxResTime" : 38.0,
    "pct1ResTime" : 37.9,
    "pct2ResTime" : 38.0,
    "pct3ResTime" : 38.0,
    "throughput" : 0.38022813688212925,
    "receivedKBytesPerSec" : 0.13382248098859315,
    "sentKBytesPerSec" : 0.09041557747148289
  }
}