{
  "8. Add People to Category" : {
    "transaction" : "8. Add People to Category",
    "sampleCount" : 100,
    "errorCount" : 100,
    "errorPct" : 100.0,
    "meanResTime" : 5237.960000000001,
    "medianResTime" : 3998.0,
    "minResTime" : 2173.0,
    "maxResTime" : 13171.0,
    "pct1ResTime" : 10492.8,
    "pct2ResTime" : 11974.64999999999,
    "pct3ResTime" : 13171.0,
    "throughput" : 3.9707750952986025,
    "receivedKBytesPerSec" : 10.374270370076239,
    "sentKBytesPerSec" : 0.0
  },
  "6. Create Category" : {
    "transaction" : "6. Create Category",
    "sampleCount" : 100,
    "errorCount" : 100,
    "errorPct" : 100.0,
    "meanResTime" : 3117.260000000001,
    "medianResTime" : 2509.5,
    "minResTime" : 2169.0,
    "maxResTime" : 9843.0,
    "pct1ResTime" : 3814.2000000000035,
    "pct2ResTime" : 8530.049999999997,
    "pct3ResTime" : 9842.279999999999,
    "throughput" : 4.662656781834289,
    "receivedKBytesPerSec" : 12.181190842542081,
    "sentKBytesPerSec" : 0.0
  },
  "2. Verify OTP" : {
    "transaction" : "2. Verify OTP",
    "sampleCount" : 100,
    "errorCount" : 100,
    "errorPct" : 100.0,
    "meanResTime" : 2789.0900000000006,
    "medianResTime" : 2330.5,
    "minResTime" : 2182.0,
    "maxResTime" : 9272.0,
    "pct1ResTime" : 3034.9000000000024,
    "pct2ResTime" : 8199.9,
    "pct3ResTime" : 9270.9,
    "throughput" : 6.602839220864972,
    "receivedKBytesPerSec" : 17.250175387916805,
    "sentKBytesPerSec" : 0.0
  },
  "9. Mute People" : {
    "transaction" : "9. Mute People",
    "sampleCount" : 100,
    "errorCount" : 100,
    "errorPct" : 100.0,
    "meanResTime" : 2908.239999999999,
    "medianResTime" : 2364.5,
    "minResTime" : 2165.0,
    "maxResTime" : 9864.0,
    "pct1ResTime" : 3642.7,
    "pct2ResTime" : 6282.65,
    "pct3ResTime" : 9852.519999999993,
    "throughput" : 4.024792723174756,
    "receivedKBytesPerSec" : 10.514456552362553,
    "sentKBytesPerSec" : 0.0
  },
  "3. Get Profile Data" : {
    "transaction" : "3. Get Profile Data",
    "sampleCount" : 100,
    "errorCount" : 100,
    "errorPct" : 100.0,
    "meanResTime" : 5308.62,
    "medianResTime" : 5128.5,
    "minResTime" : 2375.0,
    "maxResTime" : 11345.0,
    "pct1ResTime" : 9302.2,
    "pct2ResTime" : 10710.75,
    "pct3ResTime" : 11344.84,
    "throughput" : 6.524859715516116,
    "receivedKBytesPerSec" : 17.046960638783766,
    "sentKBytesPerSec" : 0.0
  },
  "Get Category People (for Contact Details)" : {
    "transaction" : "Get Category People (for Contact Details)",
    "sampleCount" : 100,
    "errorCount" : 100,
    "errorPct" : 100.0,
    "meanResTime" : 2516.1699999999987,
    "medianResTime" : 2296.0,
    "minResTime" : 2170.0,
    "maxResTime" : 8531.0,
    "pct1ResTime" : 2721.8,
    "pct2ResTime" : 3123.0,
    "pct3ResTime" : 8529.599999999999,
    "throughput" : 4.044489383215369,
    "receivedKBytesPerSec" : 10.565754550050556,
    "sentKBytesPerSec" : 0.0
  },
  "11. View People Details" : {
    "transaction" : "11. View People Details",
    "sampleCount" : 100,
    "errorCount" : 100,
    "errorPct" : 100.0,
    "meanResTime" : 2779.0,
    "medianResTime" : 2389.0,
    "minResTime" : 2167.0,
    "maxResTime" : 9751.0,
    "pct1ResTime" : 3008.9,
    "pct2ResTime" : 6077.95,
    "pct3ResTime" : 9750.019999999999,
    "throughput" : 4.028521935301938,
    "receivedKBytesPerSec" : 10.52404146356202,
    "sentKBytesPerSec" : 0.0
  },
  "7. Update Category" : {
    "transaction" : "7. Update Category",
    "sampleCount" : 100,
    "errorCount" : 100,
    "errorPct" : 100.0,
    "meanResTime" : 3124.5199999999995,
    "medianResTime" : 2690.5,
    "minResTime" : 2179.0,
    "maxResTime" : 10043.0,
    "pct1ResTime" : 3962.3000000000006,
    "pct2ResTime" : 8539.0,
    "pct3ResTime" : 10036.909999999996,
    "throughput" : 4.568504728402394,
    "receivedKBytesPerSec" : 11.935218602951254,
    "sentKBytesPerSec" : 0.0
  },
  "1. Send OTP" : {
    "transaction" : "1. Send OTP",
    "sampleCount" : 100,
    "errorCount" : 100,
    "errorPct" : 100.0,
    "meanResTime" : 3261.9100000000008,
    "medianResTime" : 2875.0,
    "minResTime" : 2851.0,
    "maxResTime" : 8756.0,
    "pct1ResTime" : 3183.3,
    "pct2ResTime" : 8725.0,
    "pct3ResTime" : 8755.78,
    "throughput" : 11.415525114155251,
    "receivedKBytesPerSec" : 29.823505279680365,
    "sentKBytesPerSec" : 0.0
  },
  "Total" : {
    "transaction" : "Total",
    "sampleCount" : 1500,
    "errorCount" : 1500,
    "errorPct" : 100.0,
    "meanResTime" : 3176.582000000001,
    "medianResTime" : 2541.5,
    "minResTime" : 2146.0,
    "maxResTime" : 13171.0,
    "pct1ResTime" : 5563.9,
    "pct2ResTime" : 8529.7,
    "pct3ResTime" : 10704.68,
    "throughput" : 13.47394139733755,
    "receivedKBytesPerSec" : 35.19979469081796,
    "sentKBytesPerSec" : 0.0
  },
  "14. Get Category List" : {
    "transaction" : "14. Get Category List",
    "sampleCount" : 100,
    "errorCount" : 100,
    "errorPct" : 100.0,
    "meanResTime" : 2519.2000000000003,
    "medianResTime" : 2213.0,
    "minResTime" : 2146.0,
    "maxResTime" : 9670.0,
    "pct1ResTime" : 2695.0,
    "pct2ResTime" : 3081.8499999999976,
    "pct3ResTime" : 9654.869999999992,
    "throughput" : 3.8940809968847354,
    "receivedKBytesPerSec" : 10.172830266744548,
    "sentKBytesPerSec" : 0.0
  },
  "4. Update Profile Name" : {
    "transaction" : "4. Update Profile Name",
    "sampleCount" : 100,
    "errorCount" : 100,
    "errorPct" : 100.0,
    "meanResTime" : 3383.36,
    "medianResTime" : 2767.0,
    "minResTime" : 2203.0,
    "maxResTime" : 10217.0,
    "pct1ResTime" : 6265.200000000002,
    "pct2ResTime" : 6288.0,
    "pct3ResTime" : 10215.96,
    "throughput" : 6.143638262579099,
    "receivedKBytesPerSec" : 16.049055031639735,
    "sentKBytesPerSec" : 0.0
  },
  "13. Get Incoming Call History" : {
    "transaction" : "13. Get Incoming Call History",
    "sampleCount" : 100,
    "errorCount" : 100,
    "errorPct" : 100.0,
    "meanResTime" : 2520.9300000000007,
    "medianResTime" : 2263.5,
    "minResTime" : 2149.0,
    "maxResTime" : 9667.0,
    "pct1ResTime" : 3066.3,
    "pct2ResTime" : 3627.7499999999945,
    "pct3ResTime" : 9609.86999999997,
    "throughput" : 4.043017708417563,
    "receivedKBytesPerSec" : 10.561594111344707,
    "sentKBytesPerSec" : 0.0
  },
  "5. Buzz Installed Contacts" : {
    "transaction" : "5. Buzz Installed Contacts",
    "sampleCount" : 100,
    "errorCount" : 100,
    "errorPct" : 100.0,
    "meanResTime" : 2461.629999999999,
    "medianResTime" : 2350.5,
    "minResTime" : 2160.0,
    "maxResTime" : 10024.0,
    "pct1ResTime" : 2476.0,
    "pct2ResTime" : 2626.049999999999,
    "pct3ResTime" : 9982.46999999998,
    "throughput" : 6.257039169065198,
    "receivedKBytesPerSec" : 16.345292751220125,
    "sentKBytesPerSec" : 0.0
  },
  "12. Remove People from Category" : {
    "transaction" : "12. Remove People from Category",
    "sampleCount" : 100,
    "errorCount" : 100,
    "errorPct" : 100.0,
    "meanResTime" : 3006.359999999999,
    "medianResTime" : 2495.0,
    "minResTime" : 2160.0,
    "maxResTime" : 10198.0,
    "pct1ResTime" : 3251.900000000001,
    "pct2ResTime" : 9611.699999999988,
    "pct3ResTime" : 10196.519999999999,
    "throughput" : 4.026089057089943,
    "receivedKBytesPerSec" : 10.517528585232306,
    "sentKBytesPerSec" : 0.0
  },
  "10. Block People" : {
    "transaction" : "10. Block People",
    "sampleCount" : 100,
    "errorCount" : 100,
    "errorPct" : 100.0,
    "meanResTime" : 2714.4799999999996,
    "medianResTime" : 2590.0,
    "minResTime" : 2166.0,
    "maxResTime" : 8203.0,
    "pct1ResTime" : 2984.0,
    "pct2ResTime" : 3796.25,
    "pct3ResTime" : 8183.19999999999,
    "throughput" : 4.043835173278337,
    "receivedKBytesPerSec" : 10.563887540943831,
    "sentKBytesPerSec" : 0.0
  }
}