{
  "Get Categories" : {
    "transaction" : "Get Categories",
    "sampleCount" : 10,
    "errorCount" : 0,
    "errorPct" : 0.0,
    "meanResTime" : 171.9,
    "medianResTime" : 150.5,
    "minResTime" : 37.0,
    "maxResTime" : 384.0,
    "pct1ResTime" : 380.40000000000003,
    "pct2ResTime" : 384.0,
    "pct3ResTime" : 384.0,
    "throughput" : 0.39038101186758273,
    "receivedKBytesPerSec" : 0.22416409665833853,
    "sentKBytesPerSec" : 0.12847500097595252
  },
  "Get Customer Profile (Verify Update)" : {
    "transaction" : "Get Customer Profile (Verify Update)",
    "sampleCount" : 10,
    "errorCount" : 0,
    "errorPct" : 0.0,
    "meanResTime" : 256.7,
    "medianResTime" : 240.5,
    "minResTime" : 118.0,
    "maxResTime" : 470.0,
    "pct1ResTime" : 459.30000000000007,
    "pct2ResTime" : 470.0,
    "pct3ResTime" : 470.0,
    "throughput" : 0.37560096153846156,
    "receivedKBytesPerSec" : 0.19476963923527646,
    "sentKBytesPerSec" : 0.12654524583082932
  },
  "Total" : {
    "transaction" : "Total",
    "sampleCount" : 60,
    "errorCount" : 0,
    "errorPct" : 0.0,
    "meanResTime" : 266.90000000000003,
    "medianResTime" : 197.0,
    "minResTime" : 37.0,
    "maxResTime" : 1009.0,
    "pct1ResTime" : 621.5999999999998,
    "pct2ResTime" : 965.4999999999998,
    "pct3ResTime" : 1009.0,
    "throughput" : 1.7051752067524937,
    "receivedKBytesPerSec" : 1.9530139859891438,
    "sentKBytesPerSec" : 0.5822684869411999
  },
  "Verify OTP and Get JWT" : {
    "transaction" : "Verify OTP and Get JWT",
    "sampleCount" : 10,
    "errorCount" : 0,
    "errorPct" : 0.0,
    "meanResTime" : 649.1000000000001,
    "medianResTime" : 683.5,
    "minResTime" : 126.0,
    "maxResTime" : 1009.0,
    "pct1ResTime" : 1006.8,
    "pct2ResTime" : 1009.0,
    "pct3ResTime" : 1009.0,
    "throughput" : 0.3595828838547285,
    "receivedKBytesPerSec" : 0.18681454512765194,
    "sentKBytesPerSec" : 0.10183499640417117
  },
  "Get Countries" : {
    "transaction" : "Get Countries",
    "sampleCount" : 10,
    "errorCount" : 0,
    "errorPct" : 0.0,
    "meanResTime" : 165.1,
    "medianResTime" : 182.0,
    "minResTime" : 39.0,
    "maxResTime" : 336.0,
    "pct1ResTime" : 332.8,
    "pct2ResTime" : 336.0,
    "pct3ResTime" : 336.0,
    "throughput" : 0.39300451955197485,
    "receivedKBytesPerSec" : 1.6671988602868932,
    "sentKBytesPerSec" : 0.1297221949302417
  },
  "Update Customer Profile" : {
    "transaction" : "Update Customer Profile",
    "sampleCount" : 10,
    "errorCount" : 0,
    "errorPct" : 0.0,
    "meanResTime" : 194.3,
    "medianResTime" : 165.0,
    "minResTime" : 37.0,
    "maxResTime" : 510.0,
    "pct1ResTime" : 486.0000000000001,
    "pct2ResTime" : 510.0,
    "pct3ResTime" : 510.0,
    "throughput" : 0.3844675124951942,
    "receivedKBytesPerSec" : 0.191858299692426,
    "sentKBytesPerSec" : 0.16632725394079198
  },
  "Get Customer Profile" : {
    "transaction" : "Get Customer Profile",
    "sampleCount" : 10,
    "errorCount" : 0,
    "errorPct" : 0.0,
    "meanResTime" : 164.3,
    "medianResTime" : 172.5,
    "minResTime" : 38.0,
    "maxResTime" : 386.0,
    "pct1ResTime" : 375.6,
    "pct2ResTime" : 386.0,
    "pct3ResTime" : 386.0,
    "throughput" : 0.38830427523007033,
    "receivedKBytesPerSec" : 0.2013570020968431,
    "sentKBytesPerSec" : 0.1308251708538811
  }
}