{
  "8. Add People to Category" : {
    "transaction" : "8. Add People to Category",
    "sampleCount" : 1000,
    "errorCount" : 982,
    "errorPct" : 98.2,
    "meanResTime" : 36.85199999999999,
    "medianResTime" : 26.0,
    "minResTime" : 20.0,
    "maxResTime" : 249.0,
    "pct1ResTime" : 49.0,
    "pct2ResTime" : 92.0,
    "pct3ResTime" : 208.99,
    "throughput" : 3.230245434048079,
    "receivedKBytesPerSec" : 2.325502267834185,
    "sentKBytesPerSec" : 1.238155598499874
  },
  "6. Create Category" : {
    "transaction" : "6. Create Category",
    "sampleCount" : 1000,
    "errorCount" : 944,
    "errorPct" : 94.4,
    "meanResTime" : 38.021999999999956,
    "medianResTime" : 27.0,
    "minResTime" : 20.0,
    "maxResTime" : 303.0,
    "pct1ResTime" : 66.0,
    "pct2ResTime" : 84.94999999999993,
    "pct3ResTime" : 207.98000000000002,
    "throughput" : 3.2296612085392242,
    "receivedKBytesPerSec" : 1.0014946014194361,
    "sentKBytesPerSec" : 1.2076441286777768
  },
  "2. Verify OTP" : {
    "transaction" : "2. Verify OTP",
    "sampleCount" : 1000,
    "errorCount" : 796,
    "errorPct" : 79.6,
    "meanResTime" : 57.24299999999996,
    "medianResTime" : 48.0,
    "minResTime" : 21.0,
    "maxResTime" : 317.0,
    "pct1ResTime" : 103.89999999999998,
    "pct2ResTime" : 122.89999999999986,
    "pct3ResTime" : 233.97000000000003,
    "throughput" : 3.356346683761659,
    "receivedKBytesPerSec" : 1.1574840080569102,
    "sentKBytesPerSec" : 1.0881905263758505
  },
  "9. Mute People" : {
    "transaction" : "9. Mute People",
    "sampleCount" : 1000,
    "errorCount" : 996,
    "errorPct" : 99.6,
    "meanResTime" : 34.01199999999994,
    "medianResTime" : 27.0,
    "minResTime" : 21.0,
    "maxResTime" : 300.0,
    "pct1ResTime" : 47.0,
    "pct2ResTime" : 64.0,
    "pct3ResTime" : 124.0,
    "throughput" : 3.229765519023319,
    "receivedKBytesPerSec" : 0.9491252634277502,
    "sentKBytesPerSec" : 1.1069169718122214
  },
  "3. Get Profile Data" : {
    "transaction" : "3. Get Profile Data",
    "sampleCount" : 1000,
    "errorCount" : 890,
    "errorPct" : 89.0,
    "meanResTime" : 38.47900000000007,
    "medianResTime" : 29.0,
    "minResTime" : 20.0,
    "maxResTime" : 246.0,
    "pct1ResTime" : 56.0,
    "pct2ResTime" : 82.0,
    "pct3ResTime" : 216.98000000000002,
    "throughput" : 3.356797346787377,
    "receivedKBytesPerSec" : 1.058050066842227,
    "sentKBytesPerSec" : 0.8887350444188208
  },
  "Get Category People (for Contact Details)" : {
    "transaction" : "Get Category People (for Contact Details)",
    "sampleCount" : 1000,
    "errorCount" : 985,
    "errorPct" : 98.5,
    "meanResTime" : 37.27199999999995,
    "medianResTime" : 28.0,
    "minResTime" : 20.0,
    "maxResTime" : 1604.0,
    "pct1ResTime" : 46.89999999999998,
    "pct2ResTime" : 68.89999999999986,
    "pct3ResTime" : 206.87000000000012,
    "throughput" : 3.2296299167078444,
    "receivedKBytesPerSec" : 0.9488047139678265,
    "sentKBytesPerSec" : 0.897632111039521
  },
  "11. View People Details" : {
    "transaction" : "11. View People Details",
    "sampleCount" : 1000,
    "errorCount" : 1000,
    "errorPct" : 100.0,
    "meanResTime" : 78.63399999999986,
    "medianResTime" : 67.0,
    "minResTime" : 21.0,
    "maxResTime" : 657.0,
    "pct1ResTime" : 88.0,
    "pct2ResTime" : 140.0,
    "pct3ResTime" : 529.7800000000002,
    "throughput" : 3.2298385403713668,
    "receivedKBytesPerSec" : 0.9400344139296477,
    "sentKBytesPerSec" : 0.9116755483862111
  },
  "7. Update Category" : {
    "transaction" : "7. Update Category",
    "sampleCount" : 1000,
    "errorCount" : 983,
    "errorPct" : 98.3,
    "meanResTime" : 37.73099999999998,
    "medianResTime" : 27.0,
    "minResTime" : 20.0,
    "maxResTime" : 270.0,
    "pct1ResTime" : 49.0,
    "pct2ResTime" : 87.89999999999986,
    "pct3ResTime" : 214.0,
    "throughput" : 3.2295151851804005,
    "receivedKBytesPerSec" : 0.9566555665538489,
    "sentKBytesPerSec" : 1.3258452902768987
  },
  "1. Send OTP" : {
    "transaction" : "1. Send OTP",
    "sampleCount" : 1000,
    "errorCount" : 509,
    "errorPct" : 50.9,
    "meanResTime" : 122.89100000000002,
    "medianResTime" : 98.0,
    "minResTime" : 60.0,
    "maxResTime" : 1501.0,
    "pct1ResTime" : 177.89999999999998,
    "pct2ResTime" : 254.94999999999993,
    "pct3ResTime" : 673.6500000000003,
    "throughput" : 3.343083994985374,
    "receivedKBytesPerSec" : 1.0804070465942333,
    "sentKBytesPerSec" : 1.0153311742582531
  },
  "Total" : {
    "transaction" : "Total",
    "sampleCount" : 15000,
    "errorCount" : 13731,
    "errorPct" : 91.54,
    "meanResTime" : 376.52333333333485,
    "medianResTime" : 33.0,
    "minResTime" : 20.0,
    "maxResTime" : 60046.0,
    "pct1ResTime" : 83.0,
    "pct2ResTime" : 127.0,
    "pct3ResTime" : 629.9399999999987,
    "throughput" : 38.59394538184849,
    "receivedKBytesPerSec" : 429.76960258849596,
    "sentKBytesPerSec" : 12.209428295826452
  },
  "14. Get Category List" : {
    "transaction" : "14. Get Category List",
    "sampleCount" : 1000,
    "errorCount" : 914,
    "errorPct" : 91.4,
    "meanResTime" : 34.13300000000002,
    "medianResTime" : 30.0,
    "minResTime" : 21.0,
    "maxResTime" : 730.0,
    "pct1ResTime" : 45.0,
    "pct2ResTime" : 51.0,
    "pct3ResTime" : 94.94000000000005,
    "throughput" : 3.2323023366313595,
    "receivedKBytesPerSec" : 1.0089739066333308,
    "sentKBytesPerSec" : 0.8305217774349741
  },
  "4. Update Profile Name" : {
    "transaction" : "4. Update Profile Name",
    "sampleCount" : 1000,
    "errorCount" : 889,
    "errorPct" : 88.9,
    "meanResTime" : 38.943000000000005,
    "medianResTime" : 27.0,
    "minResTime" : 21.0,
    "maxResTime" : 308.0,
    "pct1ResTime" : 59.89999999999998,
    "pct2ResTime" : 88.94999999999993,
    "pct3ResTime" : 211.99,
    "throughput" : 3.3568086149136294,
    "receivedKBytesPerSec" : 1.0541723085528127,
    "sentKBytesPerSec" : 1.0752408719981739
  },
  "13. Get Incoming Call History" : {
    "transaction" : "13. Get Incoming Call History",
    "sampleCount" : 1000,
    "errorCount" : 933,
    "errorPct" : 93.3,
    "meanResTime" : 34.82200000000005,
    "medianResTime" : 29.0,
    "minResTime" : 21.0,
    "maxResTime" : 546.0,
    "pct1ResTime" : 43.0,
    "pct2ResTime" : 51.0,
    "pct3ResTime" : 126.99000000000001,
    "throughput" : 3.2302976073185623,
    "receivedKBytesPerSec" : 0.9549441118135213,
    "sentKBytesPerSec" : 0.8710163111858745
  },
  "5. Buzz Installed Contacts" : {
    "transaction" : "5. Buzz Installed Contacts",
    "sampleCount" : 1000,
    "errorCount" : 938,
    "errorPct" : 93.8,
    "meanResTime" : 4988.433000000012,
    "medianResTime" : 29.0,
    "minResTime" : 21.0,
    "maxResTime" : 60046.0,
    "pct1ResTime" : 10931.199999999993,
    "pct2ResTime" : 60027.0,
    "pct3ResTime" : 60041.0,
    "throughput" : 3.229755087671702,
    "receivedKBytesPerSec" : 524.3108901184836,
    "sentKBytesPerSec" : 0.8771781417846335
  },
  "12. Remove People from Category" : {
    "transaction" : "12. Remove People from Category",
    "sampleCount" : 1000,
    "errorCount" : 978,
    "errorPct" : 97.8,
    "meanResTime" : 35.24399999999995,
    "medianResTime" : 28.0,
    "minResTime" : 21.0,
    "maxResTime" : 530.0,
    "pct1ResTime" : 45.0,
    "pct2ResTime" : 53.0,
    "pct3ResTime" : 177.8900000000001,
    "throughput" : 3.2302976073185623,
    "receivedKBytesPerSec" : 0.9484551253113199,
    "sentKBytesPerSec" : 1.1023548314349951
  },
  "10. Block People" : {
    "transaction" : "10. Block People",
    "sampleCount" : 1000,
    "errorCount" : 994,
    "errorPct" : 99.4,
    "meanResTime" : 35.139000000000024,
    "medianResTime" : 27.0,
    "minResTime" : 21.0,
    "maxResTime" : 390.0,
    "pct1ResTime" : 45.89999999999998,
    "pct2ResTime" : 72.0,
    "pct3ResTime" : 174.92000000000007,
    "throughput" : 3.229775950442318,
    "receivedKBytesPerSec" : 0.949103096265087,