{
  "Get Categories" : {
    "transaction" : "Get Categories",
    "sampleCount" : 10,
    "errorCount" : 10,
    "errorPct" : 100.0,
    "meanResTime" : 174.89999999999998,
    "medianResTime" : 156.0,
    "minResTime" : 29.0,
    "maxResTime" : 416.0,
    "pct1ResTime" : 409.1,
    "pct2ResTime" : 416.0,
    "pct3ResTime" : 416.0,
    "throughput" : 0.3918802413982287,
    "receivedKBytesPerSec" : 0.1121297956344541,
    "sentKBytesPerSec" : 0.07347754526216788
  },
  "Create Category" : {
    "transaction" : "Create Category",
    "sampleCount" : 10,
    "errorCount" : 10,
    "errorPct" : 100.0,
    "meanResTime" : 217.5,
    "medianResTime" : 199.5,
    "minResTime" : 34.0,
    "maxResTime" : 437.0,
    "pct1ResTime" : 429.8,
    "pct2ResTime" : 437.0,
    "pct3ResTime" : 437.0,
    "throughput" : 0.39718790960003175,
    "receivedKBytesPerSec" : 0.11364849366485284,
    "sentKBytesPerSec" : 0.13645576816141716
  },
  "Total" : {
    "transaction" : "Total",
    "sampleCount" : 60,
    "errorCount" : 50,
    "errorPct" : 83.333336,
    "meanResTime" : 262.7166666666665,
    "medianResTime" : 176.0,
    "minResTime" : 29.0,
    "maxResTime" : 1518.0,
    "pct1ResTime" : 651.0,
    "pct2ResTime" : 989.3499999999988,
    "pct3ResTime" : 1518.0,
    "throughput" : 1.8240408585152308,
    "receivedKBytesPerSec" : 1.7400233515230743,
    "sentKBytesPerSec" : 0.47498095207332647
  },
  "Get Countries" : {
    "transaction" : "Get Countries",
    "sampleCount" : 10,
    "errorCount" : 0,
    "errorPct" : 0.0,
    "meanResTime" : 121.0,
    "medianResTime" : 118.5,
    "minResTime" : 47.0,
    "maxResTime" : 234.0,
    "pct1ResTime" : 228.50000000000003,
    "pct2ResTime" : 234.0,
    "pct3ResTime" : 234.0,
    "throughput" : 0.3659250585480094,
    "receivedKBytesPerSec" : 1.5523227093091336,
    "sentKBytesPerSec" : 0.06896829716774004
  },
  "Verify OTP (Predefined Numbers - No SMS)" : {
    "transaction" : "Verify OTP (Predefined Numbers - No SMS)",
    "sampleCount" : 10,
    "errorCount" : 10,
    "errorPct" : 100.0,
    "meanResTime" : 792.1999999999999,
    "medianResTime" : 653.5,
    "minResTime" : 354.0,
    "maxResTime" : 1518.0,
    "pct1ResTime" : 1498.0,
    "pct2ResTime" : 1518.0,
    "pct3ResTime" : 1518.0,
    "throughput" : 0.36133694670280037,
    "receivedKBytesPerSec" : 0.12173949864498644,
    "sentKBytesPerSec" : 0.10797764227642276
  },
  "Update Customer Profile" : {
    "transaction" : "Update Customer Profile",
    "sampleCount" : 10,
    "errorCount" : 10,
    "errorPct" : 100.0,
    "meanResTime" : 159.1,
    "medianResTime" : 99.0,
    "minResTime" : 29.0,
    "maxResTime" : 369.0,
    "pct1ResTime" : 368.1,
    "pct2ResTime" : 369.0,
    "pct3ResTime" : 369.0,
    "throughput" : 0.41054273749897363,
    "receivedKBytesPerSec" : 0.11746974813203054,
    "sentKBytesPerSec" : 0.14316876128992528
  },
  "Get Customer Profile" : {
    "transaction" : "Get Customer Profile",
    "sampleCount" : 10,
    "errorCount" : 10,
    "errorPct" : 100.0,
    "meanResTime" : 111.60000000000001,
    "medianResTime" : 87.0,
    "minResTime" : 30.0,
    "maxResTime" : 250.0,
    "pct1ResTime" : 245.8,
    "pct2ResTime" : 250.0,
    "pct3ResTime" : 250.0,
    "throughput" : 0.3743775972445809,
    "receivedKBytesPerSec" : 0.10712171483658418,
    "sentKBytesPerSec" : 0.0731206244618322
  }
}