{
  "8. Add People to Category" : {
    "transaction" : "8. Add People to Category",
    "sampleCount" : 1000,
    "errorCount" : 1000,
    "errorPct" : 100.0,
    "meanResTime" : 2291.375000000003,
    "medianResTime" : 2236.5,
    "minResTime" : 2154.0,
    "maxResTime" : 9655.0,
    "pct1ResTime" : 2431.0,
    "pct2ResTime" : 2530.85,
    "pct3ResTime" : 2809.7000000000003,
    "throughput" : 3.260472638113621,
    "receivedKBytesPerSec" : 8.517347956009703,
    "sentKBytesPerSec" : 0.0
  },
  "6. Create Category" : {
    "transaction" : "6. Create Category",
    "sampleCount" : 1000,
    "errorCount" : 1000,
    "errorPct" : 100.0,
    "meanResTime" : 2311.716,
    "medianResTime" : 2237.0,
    "minResTime" : 2154.0,
    "maxResTime" : 9677.0,
    "pct1ResTime" : 2433.9,
    "pct2ResTime" : 2537.8999999999996,
    "pct3ResTime" : 2907.94,
    "throughput" : 3.2639738882088944,
    "receivedKBytesPerSec" : 8.526519787841698,
    "sentKBytesPerSec" : 0.0
  },
  "2. Verify OTP" : {
    "transaction" : "2. Verify OTP",
    "sampleCount" : 1000,
    "errorCount" : 1000,
    "errorPct" : 100.0,
    "meanResTime" : 2298.142000000004,
    "medianResTime" : 2225.5,
    "minResTime" : 2151.0,
    "maxResTime" : 9768.0,
    "pct1ResTime" : 2439.8,
    "pct2ResTime" : 2521.8999999999996,
    "pct3ResTime" : 2876.8100000000004,
    "throughput" : 3.2649223274978287,
    "receivedKBytesPerSec" : 8.528971900445988,
    "sentKBytesPerSec" : 0.0
  },
  "9. Mute People" : {
    "transaction" : "9. Mute People",
    "sampleCount" : 1000,
    "errorCount" : 1000,
    "errorPct" : 100.0,
    "meanResTime" : 2329.4079999999967,
    "medianResTime" : 2245.5,
    "minResTime" : 2143.0,
    "maxResTime" : 9677.0,
    "pct1ResTime" : 2473.0,
    "pct2ResTime" : 2577.0,
    "pct3ResTime" : 2946.330000000001,
    "throughput" : 3.2599093093230147,
    "receivedKBytesPerSec" : 8.515914571631617,
    "sentKBytesPerSec" : 0.0
  },
  "3. Get Profile Data" : {
    "transaction" : "3. Get Profile Data",
    "sampleCount" : 1000,
    "errorCount" : 1000,
    "errorPct" : 100.0,
    "meanResTime" : 2278.6980000000053,
    "medianResTime" : 2229.5,
    "minResTime" : 2143.0,
    "maxResTime" : 4013.0,
    "pct1ResTime" : 2434.9,
    "pct2ResTime" : 2545.7999999999997,
    "pct3ResTime" : 2776.4200000000005,
    "throughput" : 3.2647517809220963,
    "receivedKBytesPerSec" : 8.528526380826765,
    "sentKBytesPerSec" : 0.0
  },
  "Get Category People (for Contact Details)" : {
    "transaction" : "Get Category People (for Contact Details)",
    "sampleCount" : 1000,
    "errorCount" : 1000,
    "errorPct" : 100.0,
    "meanResTime" : 2303.750000000002,
    "medianResTime" : 2252.5,
    "minResTime" : 2153.0,
    "maxResTime" : 8184.0,
    "pct1ResTime" : 2467.9,
    "pct2ResTime" : 2580.95,
    "pct3ResTime" : 2828.84,
    "throughput" : 3.2598986823489526,
    "receivedKBytesPerSec" : 8.515861342654471,
    "sentKBytesPerSec" : 0.0
  },
  "11. View People Details" : {
    "transaction" : "11. View People Details",
    "sampleCount" : 1000,
    "errorCount" : 1000,
    "errorPct" : 100.0,
    "meanResTime" : 2310.1160000000004,
    "medianResTime" : 2250.0,
    "minResTime" : 2143.0,
    "maxResTime" : 8299.0,
    "pct1ResTime" : 2483.6,
    "pct2ResTime" : 2581.95,
    "pct3ResTime" : 2817.95,
    "throughput" : 3.2538631490236782,
    "receivedKBytesPerSec" : 8.500107377483918,
    "sentKBytesPerSec" : 0.0
  },
  "7. Update Category" : {
    "transaction" : "7. Update Category",
    "sampleCount" : 1000,
    "errorCount" : 1000,
    "errorPct" : 100.0,
    "meanResTime" : 2286.551000000002,
    "medianResTime" : 2232.5,
    "minResTime" : 2144.0,
    "maxResTime" : 9768.0,
    "pct1ResTime" : 2431.9,
    "pct2ResTime" : 2544.95,
    "pct3ResTime" : 2802.7700000000004,
    "throughput" : 3.263132476652287,
    "receivedKBytesPerSec" : 8.524296264692254,
    "sentKBytesPerSec" : 0.0
  },
  "1. Send OTP" : {
    "transaction" : "1. Send OTP",
    "sampleCount" : 1000,
    "errorCount" : 1000,
    "errorPct" : 100.0,
    "meanResTime" : 2298.429999999994,
    "medianResTime" : 2221.0,
    "minResTime" : 2138.0,
    "maxResTime" : 9655.0,
    "pct1ResTime" : 2464.8,
    "pct2ResTime" : 2581.8999999999996,
    "pct3ResTime" : 2837.7400000000002,
    "throughput" : 3.2650076074677252,
    "receivedKBytesPerSec" : 8.529220185583032,
    "sentKBytesPerSec" : 0.0
  },
  "Total" : {
    "transaction" : "Total",
    "sampleCount" : 15000,
    "errorCount" : 15000,
    "errorPct" : 100.0,
    "meanResTime" : 2305.7282666666597,
    "medianResTime" : 2239.0,
    "minResTime" : 2138.0,
    "maxResTime" : 9848.0,
    "pct1ResTime" : 2457.0,
    "pct2ResTime" : 2575.0,
    "pct3ResTime" : 2858.99,
    "throughput" : 36.0391529357494,
    "receivedKBytesPerSec" : 94.14537954033261,
    "sentKBytesPerSec" : 0.0
  },
  "14. Get Category List" : {
    "transaction" : "14. Get Category List",
    "sampleCount" : 1000,
    "errorCount" : 1000,
    "errorPct" : 100.0,
    "meanResTime" : 2349.813000000001,
    "medianResTime" : 2246.0,
    "minResTime" : 2146.0,
    "maxResTime" : 9677.0,
    "pct1ResTime" : 2540.9,
    "pct2ResTime" : 2692.5999999999995,
    "pct3ResTime" : 5625.820000000014,
    "throughput" : 3.2463632615562417,
    "receivedKBytesPerSec" : 8.48050264659765,
    "sentKBytesPerSec" : 0.0
  },
  "4. Update Profile Name" : {
    "transaction" : "4. Update Profile Name",
    "sampleCount" : 1000,
    "errorCount" : 1000,
    "errorPct" : 100.0,
    "meanResTime" : 2290.323999999999,
    "medianResTime" : 2234.0,
    "minResTime" : 2151.0,
    "maxResTime" : 8191.0,
    "pct1ResTime" : 2446.8,
    "pct2ResTime" : 2572.85,
    "pct3ResTime" : 2812.87,
    "throughput" : 3.2649116678148276,
    "receivedKBytesPerSec" : 8.528956807667319,
    "sentKBytesPerSec" : 0.0
  },
  "13. Get Incoming Call History" : {
    "transaction" : "13. Get Incoming Call History",
    "sampleCount" : 1000,
    "errorCount" : 1000,
    "errorPct" : 100.0,
    "meanResTime" : 2324.8710000000005,
    "medianResTime" : 2250.5,
    "minResTime" : 2148.0,
    "maxResTime" : 9723.0,
    "pct1ResTime" : 2487.9,
    "pct2ResTime" : 2655.8999999999996,
    "pct3ResTime" : 2885.8100000000004,
    "throughput" : 3.2457626568514804,
    "receivedKBytesPerSec" : 8.478921003005576,
    "sentKBytesPerSec" : 0.0
  },
  "5. Buzz Installed Contacts" : {
    "transaction" : "5. Buzz Installed Contacts",
    "sampleCount" : 1000,
    "errorCount" : 1000,
    "errorPct" : 100.0,
    "meanResTime" : 2292.2910000000015,
    "medianResTime" : 2228.0,
    "minResTime" : 2146.0,
    "maxResTime" : 8282.0,
    "pct1ResTime" : 2429.0,
    "pct2ResTime" : 2535.8999999999996,
    "pct3ResTime" : 2857.7300000000005,
    "throughput" : 3.263888662229954,
    "receivedKBytesPerSec" : 8.5262844013865,
    "sentKBytesPerSec" : 0.0
  },
  "12. Remove People from Category" : {
    "transaction" : "12. Remove People from Category",
    "sampleCount" : 1000,
    "errorCount" : 1000,
    "errorPct" : 100.0,
    "meanResTime" : 2303.161999999998,
    "medianResTime" : 2254.5,
    "minResTime" : 2153.0,
    "maxResTime" : 5659.0,
    "pct1ResTime" : 2479.9,
    "pct2ResTime" : 2586.0,
    "pct3ResTime" : 2838.8900000000003,
    "throughput" : 3.2449937858369,
    "receivedKBytesPerSec" : 8.476912477650107,
    "sentKBytesPerSec" : 0.0
  },
  "10. Block People" : {
    "transaction" : "10. Block People",
    "sampleCount" : 1000,
    "errorCount" : 1000,
    "errorPct" : 100.0,
    "meanResTime" : 2317.2769999999996,
    "medianResTime" : 2249.0,
    "minResTime" : 2143.0,
    "maxResTime" : 9848.0,
    "pct1ResTime" : 2481.0,
    "pct2ResTime" : 2584.85,
    "pct3ResTime" : 2877.99,
    "throughput" : 3.2601218633552524,
    "receivedKBytesPerSec" : 8.516444360315187,
    "sentKBytesPerSec" : 0.0
  }
}