{
  "06 - Call Accepted" : {
    "transaction" : "06 - Call Accepted",
    "sampleCount" : 302,
    "errorCount" : 0,
    "errorPct" : 0.0,
    "meanResTime" : 0.23178807947019875,
    "medianResTime" : 0.0,
    "minResTime" : 0.0,
    "maxResTime" : 1.0,
    "pct1ResTime" : 1.0,
    "pct2ResTime" : 1.0,
    "pct3ResTime" : 1.0,
    "throughput" : 1.2020761686409374,
    "receivedKBytesPerSec" : 0.0,
    "sentKBytesPerSec" : 0.08686878562444275
  },
  "05 - Call Received" : {
    "transaction" : "05 - Call Received",
    "sampleCount" : 810,
    "errorCount" : 0,
    "errorPct" : 0.0,
    "meanResTime" : 1096.672839506174,
    "medianResTime" : 0.0,
    "minResTime" : 0.0,
    "maxResTime" : 6015.0,
    "pct1ResTime" : 6001.0,
    "pct2ResTime" : 6001.0,
    "pct3ResTime" : 6002.0,
    "throughput" : 2.774856375489454,
    "receivedKBytesPerSec" : 0.17068524821261566,
    "sentKBytesPerSec" : 0.0
  },
  "01 - Connect" : {
    "transaction" : "01 - Connect",
    "sampleCount" : 120,
    "errorCount" : 0,
    "errorPct" : 0.0,
    "meanResTime" : 85.66666666666669,
    "medianResTime" : 54.0,
    "minResTime" : 49.0,
    "maxResTime" : 681.0,
    "pct1ResTime" : 160.50000000000003,
    "pct2ResTime" : 266.34999999999985,
    "pct3ResTime" : 641.5199999999985,
    "throughput" : 4.037141703673799,
    "receivedKBytesPerSec" : 0.5085852341542189,
    "sentKBytesPerSec" : 0.6229183488090432
  },
  "08 - Call Rejected" : {
    "transaction" : "08 - Call Rejected",
    "sampleCount" : 93,
    "errorCount" : 0,
    "errorPct" : 0.0,
    "meanResTime" : 0.18279569892473116,
    "medianResTime" : 0.0,
    "minResTime" : 0.0,
    "maxResTime" : 1.0,
    "pct1ResTime" : 1.0,
    "pct2ResTime" : 1.0,
    "pct3ResTime" : 1.0,
    "throughput" : 0.3773845223651053,
    "receivedKBytesPerSec" : 0.0,
    "sentKBytesPerSec" : 0.027271928374040817
  },
  "Random Activity Decision" : {
    "transaction" : "Random Activity Decision",
    "sampleCount" : 1109,
    "errorCount" : 0,
    "errorPct" : 0.0,
    "meanResTime" : 11.0775473399459,
    "medianResTime" : 7.0,
    "minResTime" : 3.0,
    "maxResTime" : 1536.0,
    "pct1ResTime" : 12.0,
    "pct2ResTime" : 17.5,
    "pct3ResTime" : 41.90000000000009,
    "throughput" : 3.7826075092774505,
    "receivedKBytesPerSec" : 0.0,
    "sentKBytesPerSec" : 0.0
  },
  "05 - Call Received (Ping Handled)" : {
    "transaction" : "05 - Call Received (Ping Handled)",
    "sampleCount" : 250,
    "errorCount" : 0,
    "errorPct" : 0.0,
    "meanResTime" : 199.70400000000004,
    "medianResTime" : 0.0,
    "minResTime" : 0.0,
    "maxResTime" : 5945.0,
    "pct1ResTime" : 1.0,
    "pct2ResTime" : 1589.0999999999958,
    "pct3ResTime" : 5373.650000000005,
    "throughput" : 0.9133854815550936,
    "receivedKBytesPerSec" : 0.03389516435458355,
    "sentKBytesPerSec" : 0.0
  },
  "03 - Call Initiated" : {
    "transaction" : "03 - Call Initiated",
    "sampleCount" : 643,
    "errorCount" : 0,
    "errorPct" : 0.0,
    "meanResTime" : 0.20217729393468123,
    "medianResTime" : 0.0,
    "minResTime" : 0.0,
    "maxResTime" : 1.0,
    "pct1ResTime" : 1.0,
    "pct2ResTime" : 1.0,
    "pct3ResTime" : 1.0,
    "throughput" : 2.267893610042219,
    "receivedKBytesPerSec" : 0.0,
    "sentKBytesPerSec" : 0.11738121223851326
  },
  "02 - Register" : {
    "transaction" : "02 - Register",
    "sampleCount" : 120,
    "errorCount" : 0,
    "errorPct" : 0.0,
    "meanResTime" : 0.25,
    "medianResTime" : 0.0,
    "minResTime" : 0.0,
    "maxResTime" : 1.0,
    "pct1ResTime" : 1.0,
    "pct2ResTime" : 1.0,
    "pct3ResTime" : 1.0,
    "throughput" : 4.132658332472363,
    "receivedKBytesPerSec" : 0.0,
    "sentKBytesPerSec" : 0.16143196611220167
  },
  "Total" : {
    "transaction" : "Total",
    "sampleCount" : 4112,
    "errorCount" : 0,
    "errorPct" : 0.0,
    "meanResTime" : 267.5751459143976,
    "medianResTime" : 0.0,
    "minResTime" : 0.0,
    "maxResTime" : 6015.0,
    "pct1ResTime" : 12.0,
    "pct2ResTime" : 193.54999999999518,
    "pct3ResTime" : 6001.0,
    "throughput" : 13.513469103385269,
    "receivedKBytesPerSec" : 0.38526991918045017,
    "sentKBytesPerSec" : 0.27943277710498904
  },
  "Timeout Behavior" : {
    "transaction" : "Timeout Behavior",
    "sampleCount" : 108,
    "errorCount" : 0,
    "errorPct" : 0.0,
    "meanResTime" : 1221.5648148148152,
    "medianResTime" : 5.0,
    "minResTime" : 0.0,
    "maxResTime" : 6005.0,
    "pct1ResTime" : 6001.0,
    "pct2ResTime" : 6001.0,
    "pct3ResTime" : 6004.73,
    "throughput" : 0.43805745853664474,
    "receivedKBytesPerSec" : 0.0185851200399119,
    "sentKBytesPerSec" : 0.0
  },
  "Caller - Read Response" : {
    "transaction" : "Caller - Read Response",
    "sampleCount" : 200,
    "errorCount" : 0,
    "errorPct" : 0.0,
    "meanResTime" : 0.07500000000000001,
    "medianResTime" : 0.0,
    "minResTime" : 0.0,
    "maxResTime" : 1.0,
    "pct1ResTime" : 0.0,
    "pct2ResTime" : 1.0,
    "pct3ResTime" : 1.0,
    "throughput" : 0.7376616862208485,
    "receivedKBytesPerSec" : 0.08051245933639954,
    "sentKBytesPerSec" : 0.0
  },
  "Caller - Read Response (User Busy)" : {
    "transaction" : "Caller - Read Response (User Busy)",
    "sampleCount" : 99,
    "errorCount" : 0,
    "errorPct" : 0.0,
    "meanResTime" : 0.05050505050505051,
    "medianResTime" : 0.0,
    "minResTime" : 0.0,
    "maxResTime" : 1.0,
    "pct1ResTime" : 0.0,
    "pct2ResTime" : 1.0,
    "pct3ResTime" : 1.0,
    "throughput" : 0.4046282937356183,
    "receivedKBytesPerSec" : 0.022128109813666627,
    "sentKBytesPerSec" : 0.0
  },
  "Caller - Read Response (Ping Handled)" : {
    "transaction" : "Caller - Read Response (Ping Handled)",
    "sampleCount" : 146,
    "errorCount" : 0,
    "errorPct" : 0.0,
    "meanResTime" : 49.76027397260274,
    "medianResTime" : 0.0,
    "minResTime" : 0.0,
    "maxResTime" : 3206.0,
    "pct1ResTime" : 1.0,
    "pct2ResTime" : 1.0,
    "pct3ResTime" : 2287.1500000000024,
    "throughput" : 0.5820628946864834,
    "receivedKBytesPerSec" : 0.02159999023250622,
    "sentKBytesPerSec" : 0.0
  },
  "Caller - Read Response (Target Unavailable)" : {
    "transaction" : "Caller - Read Response (Target Unavailable)",
    "sampleCount" : 112,
    "errorCount" : 0,
    "errorPct" : 0.0,
    "meanResTime" : 0.10714285714285716,
    "medianResTime" : 0.0,
    "minResTime" : 0.0,
    "maxResTime" : 1.0,
    "pct1ResTime" : 1.0,
    "pct2ResTime" : 1.0,
    "pct3ResTime" : 1.0,
    "throughput" : 0.4607953657151791,
    "receivedKBytesPerSec" : 0.02374529690444256,
    "sentKBytesPerSec" : 0.0
  }
}