{
  "Send OTP - FIXED" : {
    "transaction" : "Send OTP - FIXED",
    "sampleCount" : 1,
    "errorCount" : 1,
    "errorPct" : 100.0,
    "meanResTime" : 1611.0,
    "medianResTime" : 1611.0,
    "minResTime" : 1611.0,
    "maxResTime" : 1611.0,
    "pct1ResTime" : 1611.0,
    "pct2ResTime" : 1611.0,
    "pct3ResTime" : 1611.0,
    "throughput" : 0.6207324643078833,
    "receivedKBytesPerSec" : 0.17943047796399753,
    "sentKBytesPerSec" : 0.12305536157666046
  },
  "Verify OTP - FIXED" : {
    "transaction" : "Verify OTP - FIXED",
    "sampleCount" : 1,
    "errorCount" : 1,
    "errorPct" : 100.0,
    "meanResTime" : 396.0,
    "medianResTime" : 396.0,
    "minResTime" : 396.0,
    "maxResTime" : 396.0,
    "pct1ResTime" : 396.0,
    "pct2ResTime" : 396.0,
    "pct3ResTime" : 396.0,
    "throughput" : 2.5252525252525255,
    "receivedKBytesPerSec" : 0.7299558080808081,
    "sentKBytesPerSec" : 0.5055437184343434
  },
  "Total" : {
    "transaction" : "Total",
    "sampleCount" : 2,
    "errorCount" : 2,
    "errorPct" : 100.0,
    "meanResTime" : 1003.5,
    "medianResTime" : 1003.5,
    "minResTime" : 396.0,
    "maxResTime" : 1611.0,
    "pct1ResTime" : 1611.0,
    "pct2ResTime" : 1611.0,
    "pct3ResTime" : 1611.0,
    "throughput" : 0.9925558312655087,
    "receivedKBytesPerSec" : 0.2869106699751861,
    "sentKBytesPerSec" : 0.19773573200992556
  }
}