{
  "Total" : {
    "transaction" : "Total",
    "sampleCount" : 2,
    "errorCount" : 1,
    "errorPct" : 50.0,
    "meanResTime" : 823.5,
    "medianResTime" : 823.5,
    "minResTime" : 808.0,
    "maxResTime" : 839.0,
    "pct1ResTime" : 839.0,
    "pct2ResTime" : 839.0,
    "pct3ResTime" : 839.0,
    "throughput" : 1.3995801259622112,
    "receivedKBytesPerSec" : 0.5617455388383484,
    "sentKBytesPerSec" : 0.28565649055283415
  },
  "Get Countries" : {
    "transaction" : "Get Countries",
    "sampleCount" : 1,
    "errorCount" : 0,
    "errorPct" : 0.0,
    "meanResTime" : 839.0,
    "medianResTime" : 839.0,
    "minResTime" : 839.0,
    "maxResTime" : 839.0,
    "pct1ResTime" : 839.0,
    "pct2ResTime" : 839.0,
    "pct3ResTime" : 839.0,
    "throughput" : 1.1918951132300357,
    "receivedKBytesPerSec" : 0.6122429976162098,
    "sentKBytesPerSec" : 0.250251415375447
  },
  "Send OTP" : {
    "transaction" : "Send OTP",
    "sampleCount" : 1,
    "errorCount" : 1,
    "errorPct" : 100.0,
    "meanResTime" : 808.0,
    "medianResTime" : 808.0,
    "minResTime" : 808.0,
    "maxResTime" : 808.0,
    "pct1ResTime" : 808.0,
    "pct2ResTime" : 808.0,
    "pct3ResTime" : 808.0,
    "throughput" : 1.2376237623762376,
    "receivedKBytesPerSec" : 0.35775061881188114,
    "sentKBytesPerSec" : 0.24534924195544552
  }
}