{
  "Regular Caller - Read Response" : {
    "transaction" : "Regular Caller - Read Response",
    "sampleCount" : 288,
    "errorCount" : 52,
    "errorPct" : 18.055555,
    "meanResTime" : 0.05208333333333335,
    "medianResTime" : 0.0,
    "minResTime" : 0.0,
    "maxResTime" : 1.0,
    "pct1ResTime" : 0.0,
    "pct2ResTime" : 1.0,
    "pct3ResTime" : 1.0,
    "throughput" : 3.016812444351333,
    "receivedKBytesPerSec" : 0.24620443356203844,
    "sentKBytesPerSec" : 0.0
  },
  "Heavy Caller - Read Response" : {
    "transaction" : "Heavy Caller - Read Response",
    "sampleCount" : 240,
    "errorCount" : 41,
    "errorPct" : 17.083334,
    "meanResTime" : 56.90000000000007,
    "medianResTime" : 0.0,
    "minResTime" : 0.0,
    "maxResTime" : 6001.0,
    "pct1ResTime" : 0.0,
    "pct2ResTime" : 1.0,
    "pct3ResTime" : 4214.220000000015,
    "throughput" : 2.530844669408415,
    "receivedKBytesPerSec" : 0.15285370861014447,
    "sentKBytesPerSec" : 0.0
  },
  "02 - Register" : {
    "transaction" : "02 - Register",
    "sampleCount" : 120,
    "errorCount" : 0,
    "errorPct" : 0.0,
    "meanResTime" : 0.31666666666666665,
    "medianResTime" : 0.0,
    "minResTime" : 0.0,
    "maxResTime" : 2.0,
    "pct1ResTime" : 1.0,
    "pct2ResTime" : 1.0,
    "pct3ResTime" : 1.789999999999992,
    "throughput" : 6.301528120569238,
    "receivedKBytesPerSec" : 0.0,
    "sentKBytesPerSec" : 0.24615344220973587
  },
  "04 - Call Received" : {
    "transaction" : "04 - Call Received",
    "sampleCount" : 370,
    "errorCount" : 35,
    "errorPct" : 9.459459,
    "meanResTime" : 5022.424324324327,
    "medianResTime" : 6001.0,
    "minResTime" : 0.0,
    "maxResTime" : 6003.0,
    "pct1ResTime" : 6001.0,
    "pct2ResTime" : 6002.0,
    "pct3ResTime" : 6002.0,
    "throughput" : 4.044334652296526,
    "receivedKBytesPerSec" : 0.07218061370045689,
    "sentKBytesPerSec" : 0.0
  },
  "01 - Connect" : {
    "transaction" : "01 - Connect",
    "sampleCount" : 120,
    "errorCount" : 0,
    "errorPct" : 0.0,
    "meanResTime" : 164.80833333333334,
    "medianResTime" : 64.0,
    "minResTime" : 52.0,
    "maxResTime" : 876.0,
    "pct1ResTime" : 502.3000000000002,
    "pct2ResTime" : 567.75,
    "pct3ResTime" : 870.7499999999998,
    "throughput" : 6.25,
    "receivedKBytesPerSec" : 0.787353515625,
    "sentKBytesPerSec" : 0.96435546875
  },
  "Total" : {
    "transaction" : "Total",
    "sampleCount" : 2219,
    "errorCount" : 153,
    "errorPct" : 6.8949976,
    "meanResTime" : 852.9562866155927,
    "medianResTime" : 0.0,
    "minResTime" : 0.0,
    "maxResTime" : 6003.0,
    "pct1ResTime" : 6000.0,
    "pct2ResTime" : 6001.0,
    "pct3ResTime" : 6002.0,
    "throughput" : 18.663840596166303,
    "receivedKBytesPerSec" : 0.5022980878815405,
    "sentKBytesPerSec" : 0.4250145088440867
  },
  "Select Random Target" : {
    "transaction" : "Select Random Target",
    "sampleCount" : 528,
    "errorCount" : 0,
    "errorPct" : 0.0,
    "meanResTime" : 0.8598484848484845,
    "medianResTime" : 1.0,
    "minResTime" : 0.0,
    "maxResTime" : 170.0,
    "pct1ResTime" : 1.0,
    "pct2ResTime" : 1.0,
    "pct3ResTime" : 2.0,
    "throughput" : 5.33053345717401,
    "receivedKBytesPerSec" : 0.0,
    "sentKBytesPerSec" : 0.0
  },
  "Process Call Decision" : {
    "transaction" : "Process Call Decision",
    "sampleCount" : 25,
    "errorCount" : 25,
    "errorPct" : 100.0,
    "meanResTime" : 15.279999999999998,
    "medianResTime" : 12.0,
    "minResTime" : 7.0,
    "maxResTime" : 75.0,
    "pct1ResTime" : 23.60000000000002,
    "pct2ResTime" : 61.19999999999997,
    "pct3ResTime" : 75.0,
    "throughput" : 0.39334151483684193,
    "receivedKBytesPerSec" : 0.0,
    "sentKBytesPerSec" : 0.0
  },
  "03 - Call Initiated" : {
    "transaction" : "03 - Call Initiated",
    "sampleCount" : 528,
    "errorCount" : 0,
    "errorPct" : 0.0,
    "meanResTime" : 0.17234848484848478,
    "medianResTime" : 0.0,
    "minResTime" : 0.0,
    "maxResTime" : 1.0,
    "pct1ResTime" : 1.0,
    "pct2ResTime" : 1.0,
    "pct3ResTime" : 1.0,
    "throughput" : 5.123229186881429,
    "receivedKBytesPerSec" : 0.0,
    "sentKBytesPerSec" : 0.2651671356491364
  }
}