{
  "Get Categories" : {
    "transaction" : "Get Categories",
    "sampleCount" : 10,
    "errorCount" : 0,
    "errorPct" : 0.0,
    "meanResTime" : 136.7,
    "medianResTime" : 112.5,
    "minResTime" : 36.0,
    "maxResTime" : 280.0,
    "pct1ResTime" : 276.90000000000003,
    "pct2ResTime" : 280.0,
    "pct3ResTime" : 280.0,
    "throughput" : 0.365537156851994,
    "receivedKBytesPerSec" : 0.20989828928610593,
    "sentKBytesPerSec" : 0.12029884947179881
  },
  "Total" : {
    "transaction" : "Total",
    "sampleCount" : 50,
    "errorCount" : 0,
    "errorPct" : 0.0,
    "meanResTime" : 264.18000000000006,
    "medianResTime" : 178.0,
    "minResTime" : 35.0,
    "maxResTime" : 1187.0,
    "pct1ResTime" : 705.0,
    "pct2ResTime" : 915.8499999999988,
    "pct3ResTime" : 1187.0,
    "throughput" : 1.5242972989451864,
    "receivedKBytesPerSec" : 1.936542312587647,
    "sentKBytesPerSec" : 0.5388926837540394
  },
  "Verify OTP and Get JWT" : {
    "transaction" : "Verify OTP and Get JWT",
    "sampleCount" : 10,
    "errorCount" : 0,
    "errorPct" : 0.0,
    "meanResTime" : 641.8,
    "medianResTime" : 705.0,
    "minResTime" : 107.0,
    "maxResTime" : 1187.0,
    "pct1ResTime" : 1176.0,
    "pct2ResTime" : 1187.0,
    "pct3ResTime" : 1187.0,
    "throughput" : 0.3661126162407557,
    "receivedKBytesPerSec" : 0.19020694515633008,
    "sentKBytesPerSec" : 0.10368423702130776
  },
  "Get Countries" : {
    "transaction" : "Get Countries",
    "sampleCount" : 10,
    "errorCount" : 0,
    "errorPct" : 0.0,
    "meanResTime" : 190.29999999999998,
    "medianResTime" : 178.0,
    "minResTime" : 35.0,
    "maxResTime" : 424.0,
    "pct1ResTime" : 422.5,
    "pct2ResTime" : 424.0,
    "pct3ResTime" : 424.0,
    "throughput" : 0.3693989878467733,
    "receivedKBytesPerSec" : 1.5670597687562335,
    "sentKBytesPerSec" : 0.1219305252853607
  },
  "Update Customer Profile" : {
    "transaction" : "Update Customer Profile",
    "sampleCount" : 10,
    "errorCount" : 0,
    "errorPct" : 0.0,
    "meanResTime" : 132.60000000000002,
    "medianResTime" : 73.5,
    "minResTime" : 36.0,
    "maxResTime" : 560.0,
    "pct1ResTime" : 526.1000000000001,
    "pct2ResTime" : 560.0,
    "pct3ResTime" : 560.0,
    "throughput" : 0.3737200089692802,
    "receivedKBytesPerSec" : 0.18649504353838106,
    "sentKBytesPerSec" : 0.18251696922415728
  },
  "Get Customer Profile" : {
    "transaction" : "Get Customer Profile",
    "sampleCount" : 10,
    "errorCount" : 0,
    "errorPct" : 0.0,
    "meanResTime" : 219.5,
    "medianResTime" : 181.5,
    "minResTime" : 37.0,
    "maxResTime" : 445.0,
    "pct1ResTime" : 438.8,
    "pct2ResTime" : 445.0,
    "pct3ResTime" : 445.0,
    "throughput" : 0.36820206929562943,
    "receivedKBytesPerSec" : 0.19046546494716302,
    "sentKBytesPerSec" : 0.12405245498729703
  }
}