{
  "02 - Register" : {
    "transaction" : "02 - Register",
    "sampleCount" : 120,
    "errorCount" : 0,
    "errorPct" : 0.0,
    "meanResTime" : 0.2833333333333333,
    "medianResTime" : 0.0,
    "minResTime" : 0.0,
    "maxResTime" : 2.0,
    "pct1ResTime" : 1.0,
    "pct2ResTime" : 1.0,
    "pct3ResTime" : 2.0,
    "throughput" : 6.1989874987085445,
    "receivedKBytesPerSec" : 0.0,
    "sentKBytesPerSec" : 0.2421479491683025
  },
  "04 - Call Received" : {
    "transaction" : "04 - Call Received",
    "sampleCount" : 999,
    "errorCount" : 95,
    "errorPct" : 9.509509,
    "meanResTime" : 4708.660660660656,
    "medianResTime" : 6000.0,
    "minResTime" : 0.0,
    "maxResTime" : 6016.0,
    "pct1ResTime" : 6001.0,
    "pct2ResTime" : 6002.0,
    "pct3ResTime" : 6010.0,
    "throughput" : 8.137962495315989,
    "receivedKBytesPerSec" : 0.16227780215953339,
    "sentKBytesPerSec" : 0.0
  },
  "01 - Connect" : {
    "transaction" : "01 - Connect",
    "sampleCount" : 120,
    "errorCount" : 0,
    "errorPct" : 0.0,
    "meanResTime" : 89.43333333333334,
    "medianResTime" : 58.5,
    "minResTime" : 52.0,
    "maxResTime" : 563.0,
    "pct1ResTime" : 167.4000000000001,
    "pct2ResTime" : 296.6999999999997,
    "pct3ResTime" : 562.5799999999999,
    "throughput" : 6.103453537459947,
    "receivedKBytesPerSec" : 0.768892096027669,
    "sentKBytesPerSec" : 0.9417438075377651
  },
  "Total" : {
    "transaction" : "Total",
    "sampleCount" : 2345,
    "errorCount" : 151,
    "errorPct" : 6.4392323,
    "meanResTime" : 2017.759061833688,
    "medianResTime" : 1.0,
    "minResTime" : 0.0,
    "maxResTime" : 6016.0,
    "pct1ResTime" : 6001.0,
    "pct2ResTime" : 6001.0,
    "pct3ResTime" : 6002.0,
    "throughput" : 18.90153469177199,
    "receivedKBytesPerSec" : 0.46322645217387803,
    "sentKBytesPerSec" : 0.37626276810758963
  },
  "Caller - Read Response" : {
    "transaction" : "Caller - Read Response",
    "sampleCount" : 300,
    "errorCount" : 56,
    "errorPct" : 18.666666,
    "meanResTime" : 54.650000000000006,
    "medianResTime" : 0.0,
    "minResTime" : 0.0,
    "maxResTime" : 6000.0,
    "pct1ResTime" : 0.0,
    "pct2ResTime" : 1.0,
    "pct3ResTime" : 3828.4900000000307,
    "throughput" : 2.9952674773857306,
    "receivedKBytesPerSec" : 0.22396254542822341,
    "sentKBytesPerSec" : 0.0
  },
  "07 - Call Ended" : {
    "transaction" : "07 - Call Ended",
    "sampleCount" : 41,
    "errorCount" : 0,
    "errorPct" : 0.0,
    "meanResTime" : 0.14634146341463417,
    "medianResTime" : 0.0,
    "minResTime" : 0.0,
    "maxResTime" : 1.0,
    "pct1ResTime" : 1.0,
    "pct2ResTime" : 1.0,
    "pct3ResTime" : 1.0,
    "throughput" : 0.5896480807674054,
    "receivedKBytesPerSec" : 0.0,
    "sentKBytesPerSec" : 0.037428833251837254
  },
  "06 - Call Rejected" : {
    "transaction" : "06 - Call Rejected",
    "sampleCount" : 17,
    "errorCount" : 0,
    "errorPct" : 0.0,
    "meanResTime" : 0.058823529411764705,
    "medianResTime" : 0.0,
    "minResTime" : 0.0,
    "maxResTime" : 1.0,
    "pct1ResTime" : 0.1999999999999993,
    "pct2ResTime" : 1.0,
    "pct3ResTime" : 1.0,
    "throughput" : 0.20613056552526918,
    "receivedKBytesPerSec" : 0.0,
    "sentKBytesPerSec" : 0.014896154149287032
  },
  "Select Receiver Target" : {
    "transaction" : "Select Receiver Target",
    "sampleCount" : 300,
    "errorCount" : 0,
    "errorPct" : 0.0,
    "meanResTime" : 1.113333333333333,
    "medianResTime" : 1.0,
    "minResTime" : 0.0,
    "maxResTime" : 160.0,
    "pct1ResTime" : 1.0,
    "pct2ResTime" : 1.0,
    "pct3ResTime" : 1.0,
    "throughput" : 3.0250473924091477,
    "receivedKBytesPerSec" : 0.0,
    "sentKBytesPerSec" : 0.0
  },
  "Process Call Decision" : {
    "transaction" : "Process Call Decision",
    "sampleCount" : 91,
    "errorCount" : 0,
    "errorPct" : 0.0,
    "meanResTime" : 1.4395604395604393,
    "medianResTime" : 1.0,
    "minResTime" : 0.0,
    "maxResTime" : 79.0,
    "pct1ResTime" : 1.0,
    "pct2ResTime" : 1.0,
    "pct3ResTime" : 79.0,
    "throughput" : 0.9287325352357041,
    "receivedKBytesPerSec" : 0.0,
    "sentKBytesPerSec" : 0.0
  },
  "03 - Call Initiated" : {
    "transaction" : "03 - Call Initiated",
    "sampleCount" : 300,
    "errorCount" : 0,
    "errorPct" : 0.0,
    "meanResTime" : 0.17666666666666667,
    "medianResTime" : 0.0,
    "minResTime" : 0.0,
    "maxResTime" : 1.0,
    "pct1ResTime" : 1.0,
    "pct2ResTime" : 1.0,
    "pct3ResTime" : 1.0,
    "throughput" : 3.0455616015593274,
    "receivedKBytesPerSec" : 0.0,
    "sentKBytesPerSec" : 0.15763160633070739
  },
  "05 - Call Accepted" : {
    "transaction" : "05 - Call Accepted",
    "sampleCount" : 57,
    "errorCount" : 0,
    "errorPct" : 0.0,
    "meanResTime" : 0.12280701754385967,
    "medianResTime" : 0.0,
    "minResTime" : 0.0,
    "maxResTime" : 1.0,
    "pct1ResTime" : 1.0,
    "pct2ResTime" : 1.0,
    "pct3ResTime" : 1.0,
    "throughput" : 0.6474256312399905,
    "receivedKBytesPerSec" : 0.0,
    "sentKBytesPerSec" : 0.04678661788257744
  }
}