{
  "8. Add People to Category" : {
    "transaction" : "8. Add People to Category",
    "sampleCount" : 100,
    "errorCount" : 0,
    "errorPct" : 0.0,
    "meanResTime" : 686.7800000000002,
    "medianResTime" : 704.5,
    "minResTime" : 367.0,
    "maxResTime" : 739.0,
    "pct1ResTime" : 733.0,
    "pct2ResTime" : 734.0,
    "pct3ResTime" : 738.99,
    "throughput" : 67.24949562878278,
    "receivedKBytesPerSec" : 40.48958158204438,
    "sentKBytesPerSec" : 30.401500504371214
  },
  "6. Create Category" : {
    "transaction" : "6. Create Category",
    "sampleCount" : 100,
    "errorCount" : 0,
    "errorPct" : 0.0,
    "meanResTime" : 326.7700000000001,
    "medianResTime" : 328.0,
    "minResTime" : 194.0,
    "maxResTime" : 401.0,
    "pct1ResTime" : 386.0,
    "pct2ResTime" : 399.79999999999995,
    "pct3ResTime" : 401.0,
    "throughput" : 117.78563015312132,
    "receivedKBytesPerSec" : 58.14745288574794,
    "sentKBytesPerSec" : 52.87470553592462
  },
  "2. Verify OTP" : {
    "transaction" : "2. Verify OTP",
    "sampleCount" : 100,
    "errorCount" : 0,
    "errorPct" : 0.0,
    "meanResTime" : 96.75,
    "medianResTime" : 83.0,
    "minResTime" : 41.0,
    "maxResTime" : 158.0,
    "pct1ResTime" : 148.9,
    "pct2ResTime" : 150.0,
    "pct3ResTime" : 157.92999999999995,
    "throughput" : 181.15942028985506,
    "receivedKBytesPerSec" : 87.92600769927536,
    "sentKBytesPerSec" : 52.36639492753623
  },
  "9. Mute People" : {
    "transaction" : "9. Mute People",
    "sampleCount" : 100,
    "errorCount" : 0,
    "errorPct" : 0.0,
    "meanResTime" : 159.60000000000002,
    "medianResTime" : 204.5,
    "minResTime" : 33.0,
    "maxResTime" : 236.0,
    "pct1ResTime" : 230.70000000000002,
    "pct2ResTime" : 233.0,
    "pct3ResTime" : 235.99,
    "throughput" : 86.88097306689835,
    "receivedKBytesPerSec" : 50.991664856646395,
    "sentKBytesPerSec" : 35.889308210251954
  },
  "3. Get Profile Data" : {
    "transaction" : "3. Get Profile Data",
    "sampleCount" : 100,
    "errorCount" : 0,
    "errorPct" : 0.0,
    "meanResTime" : 57.28,
    "medianResTime" : 44.5,
    "minResTime" : 34.0,
    "maxResTime" : 93.0,
    "pct1ResTime" : 90.70000000000002,
    "pct2ResTime" : 91.94999999999999,
    "pct3ResTime" : 93.0,
    "throughput" : 179.85611510791367,
    "receivedKBytesPerSec" : 84.30755395683452,
    "sentKBytesPerSec" : 61.82553956834532
  },
  "Get Category People (for Contact Details)" : {
    "transaction" : "Get Category People (for Contact Details)",
    "sampleCount" : 100,
    "errorCount" : 0,
    "errorPct" : 0.0,
    "meanResTime" : 77.54,
    "medianResTime" : 56.5,
    "minResTime" : 33.0,
    "maxResTime" : 149.0,
    "pct1ResTime" : 141.9,
    "pct2ResTime" : 144.0,
    "pct3ResTime" : 149.0,
    "throughput" : 72.3589001447178,
    "receivedKBytesPerSec" : 33.2059515195369,
    "sentKBytesPerSec" : 25.15602387843705
  },
  "11. View People Details" : {
    "transaction" : "11. View People Details",
    "sampleCount" : 100,
    "errorCount" : 100,
    "errorPct" : 100.0,
    "meanResTime" : 80.00999999999999,
    "medianResTime" : 59.5,
    "minResTime" : 37.0,
    "maxResTime" : 153.0,
    "pct1ResTime" : 146.0,
    "pct2ResTime" : 149.95,
    "pct3ResTime" : 153.0,
    "throughput" : 66.35700066357,
    "receivedKBytesPerSec" : 21.19017501658925,
    "sentKBytesPerSec" : 23.069426011944262
  },
  "7. Update Category" : {
    "transaction" : "7. Update Category",
    "sampleCount" : 100,
    "errorCount" : 0,
    "errorPct" : 0.0,
    "meanResTime" : 410.88000000000005,
    "medianResTime" : 427.5,
    "minResTime" : 155.0,
    "maxResTime" : 472.0,
    "pct1ResTime" : 458.9,
    "pct2ResTime" : 464.95,
    "pct3ResTime" : 471.98,
    "throughput" : 100.50251256281408,
    "receivedKBytesPerSec" : 54.89262719849246,
    "sentKBytesPerSec" : 47.74360081658291
  },
  "1. Send OTP" : {
    "transaction" : "1. Send OTP",
    "sampleCount" : 100,
    "errorCount" : 0,
    "errorPct" : 0.0,
    "meanResTime" : 575.23,
    "medianResTime" : 621.5,
    "minResTime" : 317.0,
    "maxResTime" : 738.0,
    "pct1ResTime" : 725.0,
    "pct2ResTime" : 729.0,
    "pct3ResTime" : 737.99,
    "throughput" : 134.9527665317139,
    "receivedKBytesPerSec" : 42.96347840755735,
    "sentKBytesPerSec" : 36.242198043184885
  },
  "Total" : {
    "transaction" : "Total",
    "sampleCount" : 1500,
    "errorCount" : 200,
    "errorPct" : 13.333333,
    "meanResTime" : 4187.117333333324,
    "medianResTime" : 102.0,
    "minResTime" : 31.0,
    "maxResTime" : 60016.0,
    "pct1ResTime" : 718.8000000000002,
    "pct2ResTime" : 60003.95,
    "pct3ResTime" : 60016.0,
    "throughput" : 13.345670664436456,
    "receivedKBytesPerSec" : 8.31104247204082,
    "sentKBytesPerSec" : 4.683122689530766
  },
  "14. Get Category List" : {
    "transaction" : "14. Get Category List",
    "sampleCount" : 100,
    "errorCount" : 0,
    "errorPct" : 0.0,
    "meanResTime" : 50.070000000000014,
    "medianResTime" : 46.0,
    "minResTime" : 32.0,
    "maxResTime" : 84.0,
    "pct1ResTime" : 76.0,
    "pct2ResTime" : 79.0,
    "pct3ResTime" : 84.0,
    "throughput" : 60.97560975609756,
    "receivedKBytesPerSec" : 39.794326410060975,
    "sentKBytesPerSec" : 20.483993902439025
  },
  "4. Update Profile Name" : {
    "transaction" : "4. Update Profile Name",
    "sampleCount" : 100,
    "errorCount" : 0,
    "errorPct" : 0.0,
    "meanResTime" : 68.90999999999998,
    "medianResTime" : 55.0,
    "minResTime" : 36.0,
    "maxResTime" : 117.0,
    "pct1ResTime" : 111.0,
    "pct2ResTime" : 113.94999999999999,
    "pct3ResTime" : 116.99,
    "throughput" : 172.41379310344828,
    "receivedKBytesPerSec" : 79.45851293103449,
    "sentKBytesPerSec" : 68.68265086206897
  },
  "13. Get Incoming Call History" : {
    "transaction" : "13. Get Incoming Call History",
    "sampleCount" : 100,
    "errorCount" : 0,
    "errorPct" : 0.0,
    "meanResTime" : 53.26,
    "medianResTime" : 47.5,
    "minResTime" : 31.0,
    "maxResTime" : 102.0,
    "pct1ResTime" : 83.0,
    "pct2ResTime" : 101.04999999999978,
    "pct3ResTime" : 102.0,
    "throughput" : 62.81407035175879,
    "receivedKBytesPerSec" : 21.285627355527637,
    "sentKBytesPerSec" : 21.89904601130653
  },
  "5. Buzz Installed Contacts" : {
    "transaction" : "5. Buzz Installed Contacts",
    "sampleCount" : 100,
    "errorCount" : 100,
    "errorPct" : 100.0,
    "meanResTime" : 60008.67999999999,
    "medianResTime" : 60005.0,
    "minResTime" : 60001.0,
    "maxResTime" : 60016.0,
    "pct1ResTime" : 60016.0,
    "pct2ResTime" : 60016.0,
    "pct3ResTime" : 60016.0,
    "throughput" : 1.6512549537648613,
    "receivedKBytesPerSec" : 4.368407880614266,
    "sentKBytesPerSec" : 0.0
  },
  "12. Remove People from Category" : {
    "transaction" : "12. Remove People from Category",
    "sampleCount" : 100,
    "errorCount" : 0,
    "errorPct" : 0.0,
    "meanResTime" : 53.56999999999999,
    "medianResTime" : 46.0,
    "minResTime" : 32.0,
    "maxResTime" : 99.0,
    "pct1ResTime" : 85.9,
    "pct2ResTime" : 88.0,
    "pct3ResTime" : 99.0,
    "throughput" : 64.47453255963894,
    "receivedKBytesPerSec" : 21.47052304964539,
    "sentKBytesPerSec" : 25.940925209542232
  },
  "10. Block People" : {
    "transaction" : "10. Block People",
    "sampleCount" : 100,
    "errorCount" : 0,
    "errorPct" : 0.0,
    "meanResTime" : 101.43,
    "medianResTime" : 57.5,
    "minResTime" : 32.0,
    "maxResTime" : 183.0,
    "pct1ResTime" : 172.0,
    "pct2ResTime" : 174.95,
    "pct3ResTime" : 182.93999999999997,
    "throughput" : 77.39938080495357,
    "receivedKBytesPerSec" : 48.828125,
    "sentKBytesPerSec" : 30.38530379256966
  }
}