{
  "Get App Config" : {
    "transaction" : "Get App Config",
    "sampleCount" : 30,
    "errorCount" : 30,
    "errorPct" : 100.0,
    "meanResTime" : 82.96666666666668,
    "medianResTime" : 33.0,
    "minResTime" : 27.0,
    "maxResTime" : 502.0,
    "pct1ResTime" : 240.70000000000005,
    "pct2ResTime" : 363.3999999999998,
    "pct3ResTime" : 502.0,
    "throughput" : 0.7532767538793752,
    "receivedKBytesPerSec" : 0.21553719617837594,
    "sentKBytesPerSec" : 0.14565312233214484
  },
  "Get Categories" : {
    "transaction" : "Get Categories",
    "sampleCount" : 30,
    "errorCount" : 30,
    "errorPct" : 100.0,
    "meanResTime" : 88.96666666666665,
    "medianResTime" : 36.0,
    "minResTime" : 28.0,
    "maxResTime" : 473.0,
    "pct1ResTime" : 309.4000000000002,
    "pct2ResTime" : 394.8999999999999,
    "pct3ResTime" : 473.0,
    "throughput" : 0.7706139224248651,
    "receivedKBytesPerSec" : 0.2204979289750835,
    "sentKBytesPerSec" : 0.14750032108913436
  },
  "Create Category" : {
    "transaction" : "Create Category",
    "sampleCount" : 30,
    "errorCount" : 30,
    "errorPct" : 100.0,
    "meanResTime" : 44.8,
    "medianResTime" : 31.5,
    "minResTime" : 28.0,
    "maxResTime" : 132.0,
    "pct1ResTime" : 77.9,
    "pct2ResTime" : 121.54999999999998,
    "pct3ResTime" : 132.0,
    "throughput" : 0.8288437629506837,
    "receivedKBytesPerSec" : 0.23715939701616245,
    "sentKBytesPerSec" : 0.28178529493023896
  },
  "Send OTP (Working)" : {
    "transaction" : "Send OTP (Working)",
    "sampleCount" : 1,
    "errorCount" : 0,
    "errorPct" : 0.0,
    "meanResTime" : 209.0,
    "medianResTime" : 209.0,
    "minResTime" : 209.0,
    "maxResTime" : 209.0,
    "pct1ResTime" : 209.0,
    "pct2ResTime" : 209.0,
    "pct3ResTime" : 209.0,
    "throughput" : 4.784688995215311,
    "receivedKBytesPerSec" : 1.6961348684210527,
    "sentKBytesPerSec" : 1.2615879186602872
  },
  "Total" : {
    "transaction" : "Total",
    "sampleCount" : 182,
    "errorCount" : 150,
    "errorPct" : 82.41758,
    "meanResTime" : 78.86263736263739,
    "medianResTime" : 35.0,
    "minResTime" : 27.0,
    "maxResTime" : 558.0,
    "pct1ResTime" : 214.80000000000007,
    "pct2ResTime" : 274.9999999999999,
    "pct3ResTime" : 511.5199999999993,
    "throughput" : 4.063860667634253,
    "receivedKBytesPerSec" : 3.819572855029586,
    "sentKBytesPerSec" : 0.9910850103271185
  },
  "Get Countries" : {
    "transaction" : "Get Countries",
    "sampleCount" : 30,
    "errorCount" : 0,
    "errorPct" : 0.0,
    "meanResTime" : 107.03333333333335,
    "medianResTime" : 74.0,
    "minResTime" : 35.0,
    "maxResTime" : 558.0,
    "pct1ResTime" : 244.80000000000007,
    "pct2ResTime" : 392.9999999999998,
    "pct3ResTime" : 558.0,
    "throughput" : 0.7221085569864003,
    "receivedKBytesPerSec" : 3.063319894090745,
    "sentKBytesPerSec" : 0.1389212751233602
  },
  "Update Customer Profile" : {
    "transaction" : "Update Customer Profile",
    "sampleCount" : 30,
    "errorCount" : 30,
    "errorPct" : 100.0,
    "meanResTime" : 68.76666666666668,
    "medianResTime" : 31.5,
    "minResTime" : 28.0,
    "maxResTime" : 283.0,
    "pct1ResTime" : 236.9000000000001,
    "pct2ResTime" : 267.04999999999995,
    "pct3ResTime" : 283.0,
    "throughput" : 0.8070373658300379,
    "receivedKBytesPerSec" : 0.23091987127754013,
    "sentKBytesPerSec" : 0.2783648414171576
  },
  "Verify OTP and Get JWT (Working)" : {
    "transaction" : "Verify OTP and Get JWT (Working)",
    "sampleCount" : 1,
    "errorCount" : 0,
    "errorPct" : 0.0,
    "meanResTime" : 76.0,
    "medianResTime" : 76.0,
    "minResTime" : 76.0,
    "maxResTime" : 76.0,
    "pct1ResTime" : 76.0,
    "pct2ResTime" : 76.0,
    "pct3ResTime" : 76.0,
    "throughput" : 13.157894736842104,
    "receivedKBytesPerSec" : 6.8359375,
    "sentKBytesPerSec" : 3.7392064144736845
  },
  "Get Customer Profile" : {
    "transaction" : "Get Customer Profile",
    "sampleCount" : 30,
    "errorCount" : 30,
    "errorPct" : 100.0,
    "meanResTime" : 76.39999999999998,
    "medianResTime" : 34.0,
    "minResTime" : 28.0,
    "maxResTime" : 413.0,
    "pct1ResTime" : 267.0000000000002,
    "pct2ResTime" : 391.54999999999995,
    "pct3ResTime" : 413.0,
    "throughput" : 0.7579011191673193,
    "receivedKBytesPerSec" : 0.21686037882424275,
    "sentKBytesPerSec" : 0.1509881135841144
  }
}