{
  "Get Categories" : {
    "transaction" : "Get Categories",
    "sampleCount" : 10,
    "errorCount" : 0,
    "errorPct" : 0.0,
    "meanResTime" : 178.8,
    "medianResTime" : 170.0,
    "minResTime" : 38.0,
    "maxResTime" : 473.0,
    "pct1ResTime" : 452.70000000000005,
    "pct2ResTime" : 473.0,
    "pct3ResTime" : 473.0,
    "throughput" : 0.39766174891637174,
    "receivedKBytesPerSec" : 0.22834483238557285,
    "sentKBytesPerSec" : 0.13087110291486062
  },
  "Get Customer Profile (Verify Update)" : {
    "transaction" : "Get Customer Profile (Verify Update)",
    "sampleCount" : 10,
    "errorCount" : 0,
    "errorPct" : 0.0,
    "meanResTime" : 136.5,
    "medianResTime" : 107.5,
    "minResTime" : 39.0,
    "maxResTime" : 365.0,
    "pct1ResTime" : 355.40000000000003,
    "pct2ResTime" : 365.0,
    "pct3ResTime" : 365.0,
    "throughput" : 0.41578312752068525,
    "receivedKBytesPerSec" : 0.21560628975926158,
    "sentKBytesPerSec" : 0.14008318261194963
  },
  "Total" : {
    "transaction" : "Total",
    "sampleCount" : 70,
    "errorCount" : 0,
    "errorPct" : 0.0,
    "meanResTime" : 223.60000000000005,
    "medianResTime" : 152.0,
    "minResTime" : 38.0,
    "maxResTime" : 1068.0,
    "pct1ResTime" : 540.9,
    "pct2ResTime" : 691.1,
    "pct3ResTime" : 1068.0,
    "throughput" : 1.849063581372005,
    "receivedKBytesPerSec" : 1.9052990530152945,
    "sentKBytesPerSec" : 0.6134309704942283
  },
  "Verify OTP and Get JWT" : {
    "transaction" : "Verify OTP and Get JWT",
    "sampleCount" : 10,
    "errorCount" : 0,
    "errorPct" : 0.0,
    "meanResTime" : 197.1,
    "medianResTime" : 199.0,
    "minResTime" : 51.0,
    "maxResTime" : 407.0,
    "pct1ResTime" : 399.8,
    "pct2ResTime" : 407.0,
    "pct3ResTime" : 407.0,
    "throughput" : 0.38510417067816843,
    "receivedKBytesPerSec" : 0.2000736511726422,
    "sentKBytesPerSec" : 0.11094309604498018
  },
  "Get Countries" : {
    "transaction" : "Get Countries",
    "sampleCount" : 10,
    "errorCount" : 0,
    "errorPct" : 0.0,
    "meanResTime" : 192.1,
    "medianResTime" : 149.0,
    "minResTime" : 38.0,
    "maxResTime" : 646.0,
    "pct1ResTime" : 609.8000000000002,
    "pct2ResTime" : 646.0,
    "pct3ResTime" : 646.0,
    "throughput" : 0.4161464835622139,
    "receivedKBytesPerSec" : 1.7653714107365792,
    "sentKBytesPerSec" : 0.1373608510195589
  },
  "Update Customer Profile" : {
    "transaction" : "Update Customer Profile",
    "sampleCount" : 10,
    "errorCount" : 0,
    "errorPct" : 0.0,
    "meanResTime" : 139.5,
    "medianResTime" : 124.0,
    "minResTime" : 39.0,
    "maxResTime" : 350.0,
    "pct1ResTime" : 338.50000000000006,
    "pct2ResTime" : 350.0,
    "pct3ResTime" : 350.0,
    "throughput" : 0.4024306813151435,
    "receivedKBytesPerSec" : 0.20082234194534992,
    "sentKBytesPerSec" : 0.1748844269387098
  },
  "Get Customer Profile" : {
    "transaction" : "Get Customer Profile",
    "sampleCount" : 10,
    "errorCount" : 0,
    "errorPct" : 0.0,
    "meanResTime" : 157.39999999999998,
    "medianResTime" : 139.5,
    "minResTime" : 39.0,
    "maxResTime" : 281.0,
    "pct1ResTime" : 280.8,
    "pct2ResTime" : 281.0,
    "pct3ResTime" : 281.0,
    "throughput" : 0.39824771007566706,
    "receivedKBytesPerSec" : 0.20106842393468738,
    "sentKBytesPerSec" : 0.13417525388291518
  },
  "Send OTP" : {
    "transaction" : "Send OTP",
    "sampleCount" : 10,
    "errorCount" : 0,
    "errorPct" : 0.0,
    "meanResTime" : 563.8,
    "medianResTime" : 605.0,
    "minResTime" : 108.0,
    "maxResTime" : 1068.0,
    "pct1ResTime" : 1056.1000000000001,
    "pct2ResTime" : 1068.0,
    "pct3ResTime" : 1068.0,
    "throughput" : 0.3631477648255075,
    "receivedKBytesPerSec" : 0.12873304553872972,
    "sentKBytesPerSec" : 0.09681576152086284
  }
}