{
  "Get Categories" : {
    "transaction" : "Get Categories",
    "sampleCount" : 10,
    "errorCount" : 10,
    "errorPct" : 100.0,
    "meanResTime" : 154.40000000000003,
    "medianResTime" : 157.5,
    "minResTime" : 28.0,
    "maxResTime" : 320.0,
    "pct1ResTime" : 314.6,
    "pct2ResTime" : 320.0,
    "pct3ResTime" : 320.0,
    "throughput" : 0.39138943248532293,
    "receivedKBytesPerSec" : 0.1119893590998043,
    "sentKBytesPerSec" : 0.07338551859099804
  },
  "Create Category" : {
    "transaction" : "Create Category",
    "sampleCount" : 10,
    "errorCount" : 10,
    "errorPct" : 100.0,
    "meanResTime" : 197.4,
    "medianResTime" : 174.0,
    "minResTime" : 28.0,
    "maxResTime" : 481.0,
    "pct1ResTime" : 462.50000000000006,
    "pct2ResTime" : 481.0,
    "pct3ResTime" : 481.0,
    "throughput" : 0.3896964264837691,
    "receivedKBytesPerSec" : 0.11150493453100034,
    "sentKBytesPerSec" : 0.13395814660379562
  },
  "Total" : {
    "transaction" : "Total",
    "sampleCount" : 70,
    "errorCount" : 60,
    "errorPct" : 85.71429,
    "meanResTime" : 253.14285714285734,
    "medianResTime" : 189.0,
    "minResTime" : 28.0,
    "maxResTime" : 1478.0,
    "pct1ResTime" : 499.9,
    "pct2ResTime" : 769.5000000000002,
    "pct3ResTime" : 1478.0,
    "throughput" : 1.9529070416248187,
    "receivedKBytesPerSec" : 1.6908120954692556,
    "sentKBytesPerSec" : 0.5135916663179333
  },
  "Verify OTP and Get JWT" : {
    "transaction" : "Verify OTP and Get JWT",
    "sampleCount" : 10,
    "errorCount" : 10,
    "errorPct" : 100.0,
    "meanResTime" : 203.5,
    "medianResTime" : 200.5,
    "minResTime" : 63.0,
    "maxResTime" : 355.0,
    "pct1ResTime" : 352.3,
    "pct2ResTime" : 355.0,
    "pct3ResTime" : 355.0,
    "throughput" : 0.3742094824682857,
    "receivedKBytesPerSec" : 0.12607643696441267,
    "sentKBytesPerSec" : 0.11182431800321821
  },
  "Get Countries" : {
    "transaction" : "Get Countries",
    "sampleCount" : 10,
    "errorCount" : 0,
    "errorPct" : 0.0,
    "meanResTime" : 217.9,
    "medianResTime" : 208.5,
    "minResTime" : 52.0,
    "maxResTime" : 456.0,
    "pct1ResTime" : 444.50000000000006,
    "pct2ResTime" : 456.0,
    "pct3ResTime" : 456.0,
    "throughput" : 0.38047407069208233,
    "receivedKBytesPerSec" : 1.6140423467640679,
    "sentKBytesPerSec" : 0.07171044496442568
  },
  "Update Customer Profile" : {
    "transaction" : "Update Customer Profile",
    "sampleCount" : 10,
    "errorCount" : 10,
    "errorPct" : 100.0,
    "meanResTime" : 146.20000000000002,
    "medianResTime" : 152.5,
    "minResTime" : 34.0,
    "maxResTime" : 305.0,
    "pct1ResTime" : 304.1,
    "pct2ResTime" : 305.0,
    "pct3ResTime" : 305.0,
    "throughput" : 0.39877178290864135,
    "receivedKBytesPerSec" : 0.11410169178928899,
    "sentKBytesPerSec" : 0.13906387077800375
  },
  "Get Customer Profile" : {
    "transaction" : "Get Customer Profile",
    "sampleCount" : 10,
    "errorCount" : 10,
    "errorPct" : 100.0,
    "meanResTime" : 188.6,
    "medianResTime" : 197.0,
    "minResTime" : 32.0,
    "maxResTime" : 320.0,
    "pct1ResTime" : 316.1,
    "pct2ResTime" : 320.0,
    "pct3ResTime" : 320.0,
    "throughput" : 0.368582064796727,
    "receivedKBytesPerSec" : 0.10546342283734474,
    "sentKBytesPerSec" : 0.07198868453061073
  },
  "Send OTP" : {
    "transaction" : "Send OTP",
    "sampleCount" : 10,
    "errorCount" : 10,
    "errorPct" : 100.0,
    "meanResTime" : 664.0000000000001,
    "medianResTime" : 662.0,
    "minResTime" : 112.0,
    "maxResTime" : 1478.0,
    "pct1ResTime" : 1417.0000000000002,
    "pct2ResTime" : 1478.0,
    "pct3ResTime" : 1478.0,
    "throughput" : 0.3546225043441257,
    "receivedKBytesPerSec" : 0.11947730859250327,
    "sentKBytesPerSec" : 0.09869864622858966
  }
}