{
  "Get Categories" : {
    "transaction" : "Get Categories",
    "sampleCount" : 10,
    "errorCount" : 0,
    "errorPct" : 0.0,
    "meanResTime" : 176.8,
    "medianResTime" : 166.5,
    "minResTime" : 63.0,
    "maxResTime" : 323.0,
    "pct1ResTime" : 319.20000000000005,
    "pct2ResTime" : 323.0,
    "pct3ResTime" : 323.0,
    "throughput" : 0.4065371168387674,
    "receivedKBytesPerSec" : 0.23344123505976097,
    "sentKBytesPerSec" : 0.1337920003658834
  },
  "Get Customer Profile (Verify Update)" : {
    "transaction" : "Get Customer Profile (Verify Update)",
    "sampleCount" : 10,
    "errorCount" : 0,
    "errorPct" : 0.0,
    "meanResTime" : 244.60000000000002,
    "medianResTime" : 162.5,
    "minResTime" : 43.0,
    "maxResTime" : 646.0,
    "pct1ResTime" : 641.4,
    "pct2ResTime" : 646.0,
    "pct3ResTime" : 646.0,
    "throughput" : 0.3822045558783061,
    "receivedKBytesPerSec" : 0.20043344385415074,
    "sentKBytesPerSec" : 0.12877008962696834
  },
  "Total" : {
    "transaction" : "Total",
    "sampleCount" : 60,
    "errorCount" : 0,
    "errorPct" : 0.0,
    "meanResTime" : 221.60000000000005,
    "medianResTime" : 162.0,
    "minResTime" : 43.0,
    "maxResTime" : 1091.0,
    "pct1ResTime" : 535.0999999999999,
    "pct2ResTime" : 643.6999999999998,
    "pct3ResTime" : 1091.0,
    "throughput" : 1.844224503596238,
    "receivedKBytesPerSec" : 2.115875411108379,
    "sentKBytesPerSec" : 0.6336520063625746
  },
  "Verify OTP and Get JWT" : {
    "transaction" : "Verify OTP and Get JWT",
    "sampleCount" : 10,
    "errorCount" : 0,
    "errorPct" : 0.0,
    "meanResTime" : 486.40000000000003,
    "medianResTime" : 475.0,
    "minResTime" : 167.0,
    "maxResTime" : 1091.0,
    "pct1ResTime" : 1059.1000000000001,
    "pct2ResTime" : 1091.0,
    "pct3ResTime" : 1091.0,
    "throughput" : 0.373789855343326,
    "receivedKBytesPerSec" : 0.19419551078383732,
    "sentKBytesPerSec" : 0.10768360090457145
  },
  "Get Countries" : {
    "transaction" : "Get Countries",
    "sampleCount" : 10,
    "errorCount" : 0,
    "errorPct" : 0.0,
    "meanResTime" : 141.5,
    "medianResTime" : 82.5,
    "minResTime" : 45.0,
    "maxResTime" : 391.0,
    "pct1ResTime" : 379.6,
    "pct2ResTime" : 391.0,
    "pct3ResTime" : 391.0,
    "throughput" : 0.39583580730712903,
    "receivedKBytesPerSec" : 1.6792097138107112,
    "sentKBytesPerSec" : 0.13065674108379843
  },
  "Update Customer Profile" : {
    "transaction" : "Update Customer Profile",
    "sampleCount" : 10,
    "errorCount" : 0,
    "errorPct" : 0.0,
    "meanResTime" : 128.6,
    "medianResTime" : 65.5,
    "minResTime" : 46.0,
    "maxResTime" : 312.0,
    "pct1ResTime" : 309.8,
    "pct2ResTime" : 312.0,
    "pct3ResTime" : 312.0,
    "throughput" : 0.397377309755613,
    "receivedKBytesPerSec" : 0.20062897377309757,
    "sentKBytesPerSec" : 0.17501676435525532
  },
  "Get Customer Profile" : {
    "transaction" : "Get Customer Profile",
    "sampleCount" : 10,
    "errorCount" : 0,
    "errorPct" : 0.0,
    "meanResTime" : 151.70000000000002,
    "medianResTime" : 108.5,
    "minResTime" : 52.0,
    "maxResTime" : 322.0,
    "pct1ResTime" : 317.90000000000003,
    "pct2ResTime" : 322.0,
    "pct3ResTime" : 322.0,
    "throughput" : 0.41066075315182127,
    "receivedKBytesPerSec" : 0.21295005851915733,
    "sentKBytesPerSec" : 0.1383573826536898
  }
}