{
  "8. Add People to Category" : {
    "transaction" : "8. Add People to Category",
    "sampleCount" : 100,
    "errorCount" : 0,
    "errorPct" : 0.0,
    "meanResTime" : 519.5099999999999,
    "medianResTime" : 547.0,
    "minResTime" : 403.0,
    "maxResTime" : 597.0,
    "pct1ResTime" : 586.0,
    "pct2ResTime" : 591.95,
    "pct3ResTime" : 596.98,
    "throughput" : 62.5,
    "receivedKBytesPerSec" : 37.7978515625,
    "sentKBytesPerSec" : 28.25439453125
  },
  "6. Create Category" : {
    "transaction" : "6. Create Category",
    "sampleCount" : 100,
    "errorCount" : 0,
    "errorPct" : 0.0,
    "meanResTime" : 400.21000000000004,
    "medianResTime" : 432.5,
    "minResTime" : 215.0,
    "maxResTime" : 504.0,
    "pct1ResTime" : 497.0,
    "pct2ResTime" : 504.0,
    "pct3ResTime" : 504.0,
    "throughput" : 94.25070688030159,
    "receivedKBytesPerSec" : 46.5289231856739,
    "sentKBytesPerSec" : 42.30973138548539
  },
  "2. Verify OTP" : {
    "transaction" : "2. Verify OTP",
    "sampleCount" : 100,
    "errorCount" : 0,
    "errorPct" : 0.0,
    "meanResTime" : 403.8100000000001,
    "medianResTime" : 404.0,
    "minResTime" : 379.0,
    "maxResTime" : 423.0,
    "pct1ResTime" : 422.0,
    "pct2ResTime" : 422.0,
    "pct3ResTime" : 422.99,
    "throughput" : 216.91973969631238,
    "receivedKBytesPerSec" : 105.28233459869848,
    "sentKBytesPerSec" : 62.70336225596529
  },
  "9. Mute People" : {
    "transaction" : "9. Mute People",
    "sampleCount" : 100,
    "errorCount" : 0,
    "errorPct" : 0.0,
    "meanResTime" : 166.85000000000005,
    "medianResTime" : 185.5,
    "minResTime" : 36.0,
    "maxResTime" : 255.0,
    "pct1ResTime" : 220.8,
    "pct2ResTime" : 228.84999999999997,
    "pct3ResTime" : 254.7799999999999,
    "throughput" : 78.125,
    "receivedKBytesPerSec" : 46.2738037109375,
    "sentKBytesPerSec" : 32.2723388671875
  },
  "3. Get Profile Data" : {
    "transaction" : "3. Get Profile Data",
    "sampleCount" : 100,
    "errorCount" : 0,
    "errorPct" : 0.0,
    "meanResTime" : 372.86000000000007,
    "medianResTime" : 416.0,
    "minResTime" : 139.0,
    "maxResTime" : 437.0,
    "pct1ResTime" : 431.0,
    "pct2ResTime" : 436.0,
    "pct3ResTime" : 437.0,
    "throughput" : 208.33333333333334,
    "receivedKBytesPerSec" : 100.08138020833334,
    "sentKBytesPerSec" : 71.61458333333334
  },
  "Get Category People (for Contact Details)" : {
    "transaction" : "Get Category People (for Contact Details)",
    "sampleCount" : 100,
    "errorCount" : 0,
    "errorPct" : 0.0,
    "meanResTime" : 72.87999999999997,
    "medianResTime" : 70.0,
    "minResTime" : 35.0,
    "maxResTime" : 105.0,
    "pct1ResTime" : 100.0,
    "pct2ResTime" : 101.0,
    "pct3ResTime" : 104.97999999999999,
    "throughput" : 64.1025641025641,
    "receivedKBytesPerSec" : 29.417067307692307,
    "sentKBytesPerSec" : 22.28565705128205
  },
  "11. View People Details" : {
    "transaction" : "11. View People Details",
    "sampleCount" : 100,
    "errorCount" : 100,
    "errorPct" : 100.0,
    "meanResTime" : 92.09000000000005,
    "medianResTime" : 91.0,
    "minResTime" : 39.0,
    "maxResTime" : 237.0,
    "pct1ResTime" : 143.0,
    "pct2ResTime" : 206.0,
    "pct3ResTime" : 237.0,
    "throughput" : 63.33122229259025,
    "receivedKBytesPerSec" : 20.223935243825206,
    "sentKBytesPerSec" : 22.01749525015833
  },
  "7. Update Category" : {
    "transaction" : "7. Update Category",
    "sampleCount" : 100,
    "errorCount" : 100,
    "errorPct" : 100.0,
    "meanResTime" : 369.65000000000003,
    "medianResTime" : 382.0,
    "minResTime" : 160.0,
    "maxResTime" : 428.0,
    "pct1ResTime" : 397.0,
    "pct2ResTime" : 399.0,
    "pct3ResTime" : 427.8499999999999,
    "throughput" : 82.7129859387924,
    "receivedKBytesPerSec" : 29.56343052109181,
    "sentKBytesPerSec" : 39.29270704094293
  },
  "1. Send OTP" : {
    "transaction" : "1. Send OTP",
    "sampleCount" : 100,
    "errorCount" : 0,
    "errorPct" : 0.0,
    "meanResTime" : 845.3100000000001,
    "medianResTime" : 844.0,
    "minResTime" : 811.0,
    "maxResTime" : 888.0,
    "pct1ResTime" : 877.8,
    "pct2ResTime" : 882.95,
    "pct3ResTime" : 887.98,
    "throughput" : 112.35955056179775,
    "receivedKBytesPerSec" : 35.77071629213483,
    "sentKBytesPerSec" : 30.174683988764045
  },
  "Total" : {
    "transaction" : "Total",
    "sampleCount" : 1500,
    "errorCount" : 300,
    "errorPct" : 20.0,
    "meanResTime" : 4248.651999999996,
    "medianResTime" : 231.0,
    "minResTime" : 32.0,
    "maxResTime" : 60013.0,
    "pct1ResTime" : 844.0,
    "pct2ResTime" : 60004.0,
    "pct3ResTime" : 60009.99,
    "throughput" : 13.237435467502097,
    "receivedKBytesPerSec" : 8.191533625843887,
    "sentKBytesPerSec" : 4.645141930128403
  },
  "14. Get Category List" : {
    "transaction" : "14. Get Category List",
    "sampleCount" : 100,
    "errorCount" : 0,
    "errorPct" : 0.0,
    "meanResTime" : 51.05000000000001,
    "medianResTime" : 47.0,
    "minResTime" : 32.0,
    "maxResTime" : 79.0,
    "pct1ResTime" : 69.0,
    "pct2ResTime" : 76.94999999999999,
    "pct3ResTime" : 78.99,
    "throughput" : 61.95786864931846,
    "receivedKBytesPerSec" : 47.243479902416354,
    "sentKBytesPerSec" : 20.81397149938042
  },
  "4. Update Profile Name" : {
    "transaction" : "4. Update Profile Name",
    "sampleCount" : 100,
    "errorCount" : 0,
    "errorPct" : 0.0,
    "meanResTime" : 185.09000000000006,
    "medianResTime" : 229.5,
    "minResTime" : 33.0,
    "maxResTime" : 254.0,
    "pct1ResTime" : 251.40000000000003,
    "pct2ResTime" : 252.0,
    "pct3ResTime" : 253.98,
    "throughput" : 167.78523489932886,
    "receivedKBytesPerSec" : 77.3253984899329,
    "sentKBytesPerSec" : 66.83882130872483
  },
  "13. Get Incoming Call History" : {
    "transaction" : "13. Get Incoming Call History",
    "sampleCount" : 100,
    "errorCount" : 0,
    "errorPct" : 0.0,
    "meanResTime" : 55.99000000000001,
    "medianResTime" : 51.5,
    "minResTime" : 33.0,
    "maxResTime" : 89.0,
    "pct1ResTime" : 76.80000000000001,
    "pct2ResTime" : 89.0,
    "pct3ResTime" : 89.0,
    "throughput" : 62.5782227784731,
    "receivedKBytesPerSec" : 21.20570635168961,
    "sentKBytesPerSec" : 21.816821808510635
  },
  "5. Buzz Installed Contacts" : {
    "transaction" : "5. Buzz Installed Contacts",
    "sampleCount" : 100,
    "errorCount" : 100,
    "errorPct" : 100.0,
    "meanResTime" : 60006.01999999999,
    "medianResTime" : 60006.0,
    "minResTime" : 60000.0,
    "maxResTime" : 60013.0,
    "pct1ResTime" : 60010.0,
    "pct2ResTime" : 60012.95,
    "pct3ResTime" : 60013.0,
    "throughput" : 1.650955077512341,
    "receivedKBytesPerSec" : 4.367614555645441,
    "sentKBytesPerSec" : 0.0
  },
  "12. Remove People from Category" : {
    "transaction" : "12. Remove People from Category",
    "sampleCount" : 100,
    "errorCount" : 0,
    "errorPct" : 0.0,
    "meanResTime" : 54.429999999999986,
    "medianResTime" : 47.0,
    "minResTime" : 32.0,
    "maxResTime" : 83.0,
    "pct1ResTime" : 80.0,
    "pct2ResTime" : 81.0,
    "pct3ResTime" : 82.99,
    "throughput" : 63.37135614702155,
    "receivedKBytesPerSec" : 21.103156685678073,
    "sentKBytesPerSec" : 25.4970690747782
  },
  "10. Block People" : {
    "transaction" : "10. Block People",
    "sampleCount" : 100,
    "errorCount" : 0,
    "errorPct" : 0.0,
    "meanResTime" : 134.02999999999997,
    "medianResTime" : 85.5,
    "minResTime" : 34.0,
    "maxResTime" : 277.0,
    "pct1ResTime" : 262.0,
    "pct2ResTime" : 277.0,
    "pct3ResTime" : 277.0,
    "throughput" : 66.8896321070234,
    "receivedKBytesPerSec" : 42.20579013377926,
    "sentKBytesPerSec" : 26.259406354515047
  }
}