{
  "01 - Connect" : {
    "transaction" : "01 - Connect",
    "sampleCount" : 120,
    "errorCount" : 0,
    "errorPct" : 0.0,
    "meanResTime" : 75.725,
    "medianResTime" : 57.0,
    "minResTime" : 51.0,
    "maxResTime" : 264.0,
    "pct1ResTime" : 147.50000000000003,
    "pct2ResTime" : 190.69999999999993,
    "pct3ResTime" : 261.0599999999999,
    "throughput" : 6.10407446970853,
    "receivedKBytesPerSec" : 0.7689703189378911,
    "sentKBytesPerSec" : 0.9418396154433084
  },
  "Select Receiver Target" : {
    "transaction" : "Select Receiver Target",
    "sampleCount" : 300,
    "errorCount" : 0,
    "errorPct" : 0.0,
    "meanResTime" : 16.419999999999984,
    "medianResTime" : 12.0,
    "minResTime" : 6.0,
    "maxResTime" : 216.0,
    "pct1ResTime" : 22.900000000000034,
    "pct2ResTime" : 39.89999999999998,
    "pct3ResTime" : 127.73000000000025,
    "throughput" : 4.926917392018393,
    "receivedKBytesPerSec" : 0.0,
    "sentKBytesPerSec" : 0.0
  },
  "03 - Call Initiated" : {
    "transaction" : "03 - Call Initiated",
    "sampleCount" : 300,
    "errorCount" : 0,
    "errorPct" : 0.0,
    "meanResTime" : 0.2966666666666667,
    "medianResTime" : 0.0,
    "minResTime" : 0.0,
    "maxResTime" : 4.0,
    "pct1ResTime" : 1.0,
    "pct2ResTime" : 1.0,
    "pct3ResTime" : 1.0,
    "throughput" : 4.926108374384237,
    "receivedKBytesPerSec" : 0.0,
    "sentKBytesPerSec" : 0.2549645935960591
  },
  "05 - Call Accepted" : {
    "transaction" : "05 - Call Accepted",
    "sampleCount" : 98,
    "errorCount" : 0,
    "errorPct" : 0.0,
    "meanResTime" : 0.3061224489795919,
    "medianResTime" : 0.0,
    "minResTime" : 0.0,
    "maxResTime" : 1.0,
    "pct1ResTime" : 1.0,
    "pct2ResTime" : 1.0,
    "pct3ResTime" : 1.0,
    "throughput" : 1.0544323818336365,
    "receivedKBytesPerSec" : 0.0,
    "sentKBytesPerSec" : 0.07619921509344638
  },
  "02 - Register" : {
    "transaction" : "02 - Register",
    "sampleCount" : 120,
    "errorCount" : 0,
    "errorPct" : 0.0,
    "meanResTime" : 0.3166666666666667,
    "medianResTime" : 0.0,
    "minResTime" : 0.0,
    "maxResTime" : 1.0,
    "pct1ResTime" : 1.0,
    "pct2ResTime" : 1.0,
    "pct3ResTime" : 1.0,
    "throughput" : 6.138107416879795,
    "receivedKBytesPerSec" : 0.0,
    "sentKBytesPerSec" : 0.239769820971867
  },
  "04 - Call Received" : {
    "transaction" : "04 - Call Received",
    "sampleCount" : 979,
    "errorCount" : 0,
    "errorPct" : 0.0,
    "meanResTime" : 4392.852911133815,
    "medianResTime" : 6001.0,
    "minResTime" : 0.0,
    "maxResTime" : 6016.0,
    "pct1ResTime" : 6012.0,
    "pct2ResTime" : 6014.0,
    "pct3ResTime" : 6015.0,
    "throughput" : 7.904723455793298,
    "receivedKBytesPerSec" : 0.19699989907145743,
    "sentKBytesPerSec" : 0.0
  },
  "Total" : {
    "transaction" : "Total",
    "sampleCount" : 2572,
    "errorCount" : 0,
    "errorPct" : 0.0,
    "meanResTime" : 1810.4502332814918,
    "medianResTime" : 13.0,
    "minResTime" : 0.0,
    "maxResTime" : 6016.0,
    "pct1ResTime" : 6004.0,
    "pct2ResTime" : 6011.0,
    "pct3ResTime" : 6015.0,
    "throughput" : 20.582257006129865,
    "receivedKBytesPerSec" : 0.5444155023127031,
    "sentKBytesPerSec" : 0.42505109053152157
  },
  "Caller - Read Response" : {
    "transaction" : "Caller - Read Response",
    "sampleCount" : 241,
    "errorCount" : 0,
    "errorPct" : 0.0,
    "meanResTime" : 81.33609958506226,
    "medianResTime" : 0.0,
    "minResTime" : 0.0,
    "maxResTime" : 6014.0,
    "pct1ResTime" : 1.0,
    "pct2ResTime" : 1.0,
    "pct3ResTime" : 6004.48,
    "throughput" : 3.6406483677508046,
    "receivedKBytesPerSec" : 0.33378707683127634,
    "sentKBytesPerSec" : 0.0
  },
  "07 - Call Ended" : {
    "transaction" : "07 - Call Ended",
    "sampleCount" : 90,
    "errorCount" : 0,
    "errorPct" : 0.0,
    "meanResTime" : 0.2777777777777779,
    "medianResTime" : 0.0,
    "minResTime" : 0.0,
    "maxResTime" : 1.0,
    "pct1ResTime" : 1.0,
    "pct2ResTime" : 1.0,
    "pct3ResTime" : 1.0,
    "throughput" : 1.1368085993254935,
    "receivedKBytesPerSec" : 0.0,
    "sentKBytesPerSec" : 0.07216070210562216
  },
  "06 - Call Rejected" : {
    "transaction" : "06 - Call Rejected",
    "sampleCount" : 22,
    "errorCount" : 0,
    "errorPct" : 0.0,
    "meanResTime" : 0.18181818181818185,
    "medianResTime" : 0.0,
    "minResTime" : 0.0,
    "maxResTime" : 1.0,
    "pct1ResTime" : 1.0,
    "pct2ResTime" : 1.0,
    "pct3ResTime" : 1.0,
    "throughput" : 0.2287948749948001,
    "receivedKBytesPerSec" : 0.0,
    "sentKBytesPerSec" : 0.0165340046382961
  },
  "Caller - Read Response (Ping Handled)" : {
    "transaction" : "Caller - Read Response (Ping Handled)",
    "sampleCount" : 59,
    "errorCount" : 0,
    "errorPct" : 0.0,
    "meanResTime" : 0.13559322033898308,
    "medianResTime" : 0.0,
    "minResTime" : 0.0,
    "maxResTime" : 1.0,
    "pct1ResTime" : 1.0,
    "pct2ResTime" : 1.0,
    "pct3ResTime" : 1.0,
    "throughput" : 2.0926438249272894,
    "receivedKBytesPerSec" : 0.07765670444066114,
    "sentKBytesPerSec" : 0.0
  },
  "Process Call Decision" : {
    "transaction" : "Process Call Decision",
    "sampleCount" : 129,
    "errorCount" : 0,
    "errorPct" : 0.0,
    "meanResTime" : 22.325581395348838,
    "medianResTime" : 15.0,
    "minResTime" : 7.0,
    "maxResTime" : 321.0,
    "pct1ResTime" : 34.0,
    "pct2ResTime" : 58.0,
    "pct3ResTime" : 267.29999999999797,
    "throughput" : 1.2400030759766225,
    "receivedKBytesPerSec" : 0.0,
    "sentKBytesPerSec" : 0.0
  },
  "04 - Call Received (Ping Handled)" : {
    "transaction" : "04 - Call Received (Ping Handled)",
    "sampleCount" : 114,
    "errorCount" : 0,
    "errorPct" : 0.0,
    "meanResTime" : 2799.8771929824547,
    "medianResTime" : 2371.5,
    "minResTime" : 0.0,
    "maxResTime" : 6002.0,
    "pct1ResTime" : 5896.0,
    "pct2ResTime" : 5898.25,
    "pct3ResTime" : 6000.35,
    "throughput" : 1.16209135669069,
    "receivedKBytesPerSec" : 0.04312448393969357,
    "sentKBytesPerSec" : 0.0
  }
}