{
  "Send OTP (Debug)" : {
    "transaction" : "Send OTP (Debug)",
    "sampleCount" : 10,
    "errorCount" : 10,
    "errorPct" : 100.0,
    "meanResTime" : 192.5,
    "medianResTime" : 111.5,
    "minResTime" : 99.0,
    "maxResTime" : 646.0,
    "pct1ResTime" : 610.5000000000001,
    "pct2ResTime" : 646.0,
    "pct3ResTime" : 646.0,
    "throughput" : 0.38246768148091487,
    "receivedKBytesPerSec" : 0.12885874034269104,
    "sentKBytesPerSec" : 0.10644852463091868
  },
  "Total" : {
    "transaction" : "Total",
    "sampleCount" : 50,
    "errorCount" : 40,
    "errorPct" : 80.0,
    "meanResTime" : 80.59999999999998,
    "medianResTime" : 41.0,
    "minResTime" : 30.0,
    "maxResTime" : 646.0,
    "pct1ResTime" : 177.99999999999994,
    "pct2ResTime" : 256.34999999999974,
    "pct3ResTime" : 646.0,
    "throughput" : 1.3698254842333086,
    "receivedKBytesPerSec" : 1.503597504177968,
    "sentKBytesPerSec" : 0.3588033118955645
  },
  "Verify OTP and Get JWT" : {
    "transaction" : "Verify OTP and Get JWT",
    "sampleCount" : 10,
    "errorCount" : 10,
    "errorPct" : 100.0,
    "meanResTime" : 52.400000000000006,
    "medianResTime" : 39.0,
    "minResTime" : 33.0,
    "maxResTime" : 182.0,
    "pct1ResTime" : 167.80000000000007,
    "pct2ResTime" : 182.0,
    "pct3ResTime" : 182.0,
    "throughput" : 0.3890747801727492,
    "receivedKBytesPerSec" : 0.13108476480429537,
    "sentKBytesPerSec" : 0.11626648704380982
  },
  "Get Countries" : {
    "transaction" : "Get Countries",
    "sampleCount" : 10,
    "errorCount" : 0,
    "errorPct" : 0.0,
    "meanResTime" : 62.60000000000001,
    "medianResTime" : 43.0,
    "minResTime" : 39.0,
    "maxResTime" : 228.0,
    "pct1ResTime" : 210.80000000000007,
    "pct2ResTime" : 228.0,
    "pct3ResTime" : 228.0,
    "throughput" : 0.37291169451073986,
    "receivedKBytesPerSec" : 1.5819613290572794,
    "sentKBytesPerSec" : 0.07028511429743436
  },
  "Update Customer Profile" : {
    "transaction" : "Update Customer Profile",
    "sampleCount" : 10,
    "errorCount" : 10,
    "errorPct" : 100.0,
    "meanResTime" : 49.9,
    "medianResTime" : 33.5,
    "minResTime" : 30.0,
    "maxResTime" : 119.0,
    "pct1ResTime" : 117.0,
    "pct2ResTime" : 119.0,
    "pct3ResTime" : 119.0,
    "throughput" : 0.3492107836289985,
    "receivedKBytesPerSec" : 0.09992066367509429,
    "sentKBytesPerSec" : 0.12178044026749546
  },
  "Get Customer Profile" : {
    "transaction" : "Get Customer Profile",
    "sampleCount" : 10,
    "errorCount" : 10,
    "errorPct" : 100.0,
    "meanResTime" : 45.6,
    "medianResTime" : 34.5,
    "minResTime" : 32.0,
    "maxResTime" : 106.0,
    "pct1ResTime" : 102.10000000000002,
    "pct2ResTime" : 106.0,
    "pct3ResTime" : 106.0,
    "throughput" : 0.3500787677227376,
    "receivedKBytesPerSec" : 0.10016902240504114,
    "sentKBytesPerSec" : 0.06837475932084719
  }
}