{
  "Get Categories" : {
    "transaction" : "Get Categories",
    "sampleCount" : 10,
    "errorCount" : 10,
    "errorPct" : 100.0,
    "meanResTime" : 119.3,
    "medianResTime" : 76.0,
    "minResTime" : 31.0,
    "maxResTime" : 299.0,
    "pct1ResTime" : 298.8,
    "pct2ResTime" : 299.0,
    "pct3ResTime" : 299.0,
    "throughput" : 0.3865630677645058,
    "receivedKBytesPerSec" : 0.11060837778808613,
    "sentKBytesPerSec" : 0.07248057520584483
  },
  "Create Category" : {
    "transaction" : "Create Category",
    "sampleCount" : 10,
    "errorCount" : 10,
    "errorPct" : 100.0,
    "meanResTime" : 208.29999999999998,
    "medianResTime" : 208.5,
    "minResTime" : 29.0,
    "maxResTime" : 377.0,
    "pct1ResTime" : 376.8,
    "pct2ResTime" : 377.0,
    "pct3ResTime" : 377.0,
    "throughput" : 0.40749796251018744,
    "receivedKBytesPerSec" : 0.1165985381010595,
    "sentKBytesPerSec" : 0.13685405205786472
  },
  "Total" : {
    "transaction" : "Total",
    "sampleCount" : 70,
    "errorCount" : 60,
    "errorPct" : 85.71429,
    "meanResTime" : 203.65714285714284,
    "medianResTime" : 167.5,
    "minResTime" : 29.0,
    "maxResTime" : 723.0,
    "pct1ResTime" : 482.99999999999994,
    "pct2ResTime" : 641.5000000000002,
    "pct3ResTime" : 723.0,
    "throughput" : 1.9771777200316347,
    "receivedKBytesPerSec" : 1.711825464636764,
    "sentKBytesPerSec" : 0.5171886474692124
  },
  "Verify OTP and Get JWT" : {
    "transaction" : "Verify OTP and Get JWT",
    "sampleCount" : 10,
    "errorCount" : 10,
    "errorPct" : 100.0,
    "meanResTime" : 173.79999999999998,
    "medianResTime" : 138.5,
    "minResTime" : 72.0,
    "maxResTime" : 370.0,
    "pct1ResTime" : 358.40000000000003,
    "pct2ResTime" : 370.0,
    "pct3ResTime" : 370.0,
    "throughput" : 0.38208772734219776,
    "receivedKBytesPerSec" : 0.12873072845025219,
    "sentKBytesPerSec" : 0.11417855914718018
  },
  "Get Countries" : {
    "transaction" : "Get Countries",
    "sampleCount" : 10,
    "errorCount" : 0,
    "errorPct" : 0.0,
    "meanResTime" : 182.3,
    "medianResTime" : 173.5,
    "minResTime" : 38.0,
    "maxResTime" : 320.0,
    "pct1ResTime" : 313.6,
    "pct2ResTime" : 320.0,
    "pct3ResTime" : 320.0,
    "throughput" : 0.3751922860465989,
    "receivedKBytesPerSec" : 1.5916360259633062,
    "sentKBytesPerSec" : 0.07071495235057967
  },
  "Update Customer Profile" : {
    "transaction" : "Update Customer Profile",
    "sampleCount" : 10,
    "errorCount" : 10,
    "errorPct" : 100.0,
    "meanResTime" : 136.9,
    "medianResTime" : 115.5,
    "minResTime" : 33.0,
    "maxResTime" : 211.0,
    "pct1ResTime" : 210.8,
    "pct2ResTime" : 211.0,
    "pct3ResTime" : 211.0,
    "throughput" : 0.3935303608673409,
    "receivedKBytesPerSec" : 0.11260194895911219,
    "sentKBytesPerSec" : 0.13646741322655542
  },
  "Get Customer Profile" : {
    "transaction" : "Get Customer Profile",
    "sampleCount" : 10,
    "errorCount" : 10,
    "errorPct" : 100.0,
    "meanResTime" : 111.3,
    "medianResTime" : 86.0,
    "minResTime" : 30.0,
    "maxResTime" : 237.0,
    "pct1ResTime" : 233.5,
    "pct2ResTime" : 237.0,
    "pct3ResTime" : 237.0,
    "throughput" : 0.3811120850642174,
    "receivedKBytesPerSec" : 0.10904867277716376,
    "sentKBytesPerSec" : 0.07443595411410496
  },
  "Send OTP" : {
    "transaction" : "Send OTP",
    "sampleCount" : 10,
    "errorCount" : 10,
    "errorPct" : 100.0,
    "meanResTime" : 493.7,
    "medianResTime" : 523.5,
    "minResTime" : 108.0,
    "maxResTime" : 723.0,
    "pct1ResTime" : 722.8,
    "pct2ResTime" : 723.0,
    "pct3ResTime" : 723.0,
    "throughput" : 0.38119925284946443,
    "receivedKBytesPerSec" : 0.12843138889947775,
    "sentKBytesPerSec" : 0.10609549517782944
  }
}