{
  "01 - Connect" : {
    "transaction" : "01 - Connect",
    "sampleCount" : 120,
    "errorCount" : 0,
    "errorPct" : 0.0,
    "meanResTime" : 108.91666666666671,
    "medianResTime" : 94.5,
    "minResTime" : 50.0,
    "maxResTime" : 338.0,
    "pct1ResTime" : 167.9,
    "pct2ResTime" : 253.19999999999982,
    "pct3ResTime" : 330.0199999999997,
    "throughput" : 6.098180709421689,
    "receivedKBytesPerSec" : 0.7682278432767558,
    "sentKBytesPerSec" : 0.9409302266490497
  },
  "Select Receiver Target" : {
    "transaction" : "Select Receiver Target",
    "sampleCount" : 300,
    "errorCount" : 0,
    "errorPct" : 0.0,
    "meanResTime" : 8.423333333333341,
    "medianResTime" : 7.0,
    "minResTime" : 4.0,
    "maxResTime" : 130.0,
    "pct1ResTime" : 11.900000000000034,
    "pct2ResTime" : 15.0,
    "pct3ResTime" : 32.8900000000001,
    "throughput" : 5.251181515841064,
    "receivedKBytesPerSec" : 0.0,
    "sentKBytesPerSec" : 0.0
  },
  "03 - Call Initiated" : {
    "transaction" : "03 - Call Initiated",
    "sampleCount" : 300,
    "errorCount" : 0,
    "errorPct" : 0.0,
    "meanResTime" : 0.1766666666666667,
    "medianResTime" : 0.0,
    "minResTime" : 0.0,
    "maxResTime" : 1.0,
    "pct1ResTime" : 1.0,
    "pct2ResTime" : 1.0,
    "pct3ResTime" : 1.0,
    "throughput" : 5.132855407463172,
    "receivedKBytesPerSec" : 0.0,
    "sentKBytesPerSec" : 0.26566536776908994
  },
  "05 - Call Accepted" : {
    "transaction" : "05 - Call Accepted",
    "sampleCount" : 83,
    "errorCount" : 0,
    "errorPct" : 0.0,
    "meanResTime" : 0.27710843373493976,
    "medianResTime" : 0.0,
    "minResTime" : 0.0,
    "maxResTime" : 1.0,
    "pct1ResTime" : 1.0,
    "pct2ResTime" : 1.0,
    "pct3ResTime" : 1.0,
    "throughput" : 0.8888127389353523,
    "receivedKBytesPerSec" : 0.0,
    "sentKBytesPerSec" : 0.06423060808712507
  },
  "02 - Register" : {
    "transaction" : "02 - Register",
    "sampleCount" : 120,
    "errorCount" : 0,
    "errorPct" : 0.0,
    "meanResTime" : 0.1833333333333334,
    "medianResTime" : 0.0,
    "minResTime" : 0.0,
    "maxResTime" : 1.0,
    "pct1ResTime" : 1.0,
    "pct2ResTime" : 1.0,
    "pct3ResTime" : 1.0,
    "throughput" : 6.126512482769184,
    "receivedKBytesPerSec" : 0.0,
    "sentKBytesPerSec" : 0.23931689385817123
  },
  "04 - Call Received" : {
    "transaction" : "04 - Call Received",
    "sampleCount" : 1189,
    "errorCount" : 0,
    "errorPct" : 0.0,
    "meanResTime" : 4650.202691337256,
    "medianResTime" : 6000.0,
    "minResTime" : 0.0,
    "maxResTime" : 6015.0,
    "pct1ResTime" : 6002.0,
    "pct2ResTime" : 6002.0,
    "pct3ResTime" : 6012.0,
    "throughput" : 9.645884882164443,
    "receivedKBytesPerSec" : 0.19518574057923985,
    "sentKBytesPerSec" : 0.0
  },
  "Total" : {
    "transaction" : "Total",
    "sampleCount" : 2766,
    "errorCount" : 0,
    "errorPct" : 0.0,
    "meanResTime" : 2092.754519161244,
    "medianResTime" : 9.0,
    "minResTime" : 0.0,
    "maxResTime" : 6015.0,
    "pct1ResTime" : 6001.0,
    "pct2ResTime" : 6001.0,
    "pct3ResTime" : 6002.33,
    "throughput" : 22.24187841749759,
    "receivedKBytesPerSec" : 0.5398028531079125,
    "sentKBytesPerSec" : 0.4177246879020585
  },
  "Caller - Read Response" : {
    "transaction" : "Caller - Read Response",
    "sampleCount" : 149,
    "errorCount" : 0,
    "errorPct" : 0.0,
    "meanResTime" : 80.62416107382552,
    "medianResTime" : 0.0,
    "minResTime" : 0.0,
    "maxResTime" : 6001.0,
    "pct1ResTime" : 0.0,
    "pct2ResTime" : 1.0,
    "pct3ResTime" : 6000.5,
    "throughput" : 2.635955135689771,
    "receivedKBytesPerSec" : 0.2879966188125818,
    "sentKBytesPerSec" : 0.0
  },
  "Caller - Read Response (User Busy)" : {
    "transaction" : "Caller - Read Response (User Busy)",
    "sampleCount" : 92,
    "errorCount" : 0,
    "errorPct" : 0.0,
    "meanResTime" : 0.032608695652173926,
    "medianResTime" : 0.0,
    "minResTime" : 0.0,
    "maxResTime" : 1.0,
    "pct1ResTime" : 0.0,
    "pct2ResTime" : 0.0,
    "pct3ResTime" : 1.0,
    "throughput" : 1.8131651556957036,
    "receivedKBytesPerSec" : 0.09915746945210879,
    "sentKBytesPerSec" : 0.0
  },
  "07 - Call Ended" : {
    "transaction" : "07 - Call Ended",
    "sampleCount" : 83,
    "errorCount" : 0,
    "errorPct" : 0.0,
    "meanResTime" : 0.18072289156626503,
    "medianResTime" : 0.0,
    "minResTime" : 0.0,
    "maxResTime" : 1.0,
    "pct1ResTime" : 1.0,
    "pct2ResTime" : 1.0,
    "pct3ResTime" : 1.0,
    "throughput" : 0.8890602740019495,
    "receivedKBytesPerSec" : 0.0,
    "sentKBytesPerSec" : 0.056434490048951874
  },
  "06 - Call Rejected" : {
    "transaction" : "06 - Call Rejected",
    "sampleCount" : 27,
    "errorCount" : 0,
    "errorPct" : 0.0,
    "meanResTime" : 0.18518518518518517,
    "medianResTime" : 0.0,
    "minResTime" : 0.0,
    "maxResTime" : 1.0,
    "pct1ResTime" : 1.0,
    "pct2ResTime" : 1.0,
    "pct3ResTime" : 1.0,
    "throughput" : 0.2895349211285428,
    "receivedKBytesPerSec" : 0.0,
    "sentKBytesPerSec" : 0.02092342203467985
  },
  "Caller - Read Response (Ping Handled)" : {
    "transaction" : "Caller - Read Response (Ping Handled)",
    "sampleCount" : 59,
    "errorCount" : 0,
    "errorPct" : 0.0,
    "meanResTime" : 0.11864406779661019,
    "medianResTime" : 0.0,
    "minResTime" : 0.0,
    "maxResTime" : 1.0,
    "pct1ResTime" : 1.0,
    "pct2ResTime" : 1.0,
    "pct3ResTime" : 1.0,
    "throughput" : 1.8933316218471217,
    "receivedKBytesPerSec" : 0.07026035315448302,
    "sentKBytesPerSec" : 0.0
  },
  "Process Call Decision" : {
    "transaction" : "Process Call Decision",
    "sampleCount" : 124,
    "errorCount" : 0,
    "errorPct" : 0.0,
    "meanResTime" : 10.080645161290322,
    "medianResTime" : 8.0,
    "minResTime" : 5.0,
    "maxResTime" : 47.0,
    "pct1ResTime" : 16.0,
    "pct2ResTime" : 22.0,
    "pct3ResTime" : 43.75,
    "throughput" : 1.1826418693371483,
    "receivedKBytesPerSec" : 0.0,
    "sentKBytesPerSec" : 0.0
  },
  "04 - Call Received (Ping Handled)" : {
    "transaction" : "04 - Call Received (Ping Handled)",
    "sampleCount" : 120,
    "errorCount" : 0,
    "errorPct" : 0.0,
    "meanResTime" : 1920.6666666666656,
    "medianResTime" : 968.5,
    "minResTime" : 0.0,
    "maxResTime" : 5948.0,
    "pct1ResTime" : 5586.1,
    "pct2ResTime" : 5882.55,
    "pct3ResTime" : 5942.96,
    "throughput" : 1.3985361987786118,
    "receivedKBytesPerSec" : 0.051898804251550044,
    "sentKBytesPerSec" : 0.0
  }
}