{
  "06 - Call Accepted" : {
    "transaction" : "06 - Call Accepted",
    "sampleCount" : 299,
    "errorCount" : 0,
    "errorPct" : 0.0,
    "meanResTime" : 0.21739130434782605,
    "medianResTime" : 0.0,
    "minResTime" : 0.0,
    "maxResTime" : 4.0,
    "pct1ResTime" : 1.0,
    "pct2ResTime" : 1.0,
    "pct3ResTime" : 1.0,
    "throughput" : 1.2038200148162463,
    "receivedKBytesPerSec" : 0.0,
    "sentKBytesPerSec" : 0.0869948057582053
  },
  "05 - Call Received" : {
    "transaction" : "05 - Call Received",
    "sampleCount" : 813,
    "errorCount" : 0,
    "errorPct" : 0.0,
    "meanResTime" : 1029.7109471094718,
    "medianResTime" : 0.0,
    "minResTime" : 0.0,
    "maxResTime" : 6015.0,
    "pct1ResTime" : 6001.0,
    "pct2ResTime" : 6003.0,
    "pct3ResTime" : 6012.0,
    "throughput" : 2.78097987637809,
    "receivedKBytesPerSec" : 0.17359411183951726,
    "sentKBytesPerSec" : 0.0
  },
  "01 - Connect" : {
    "transaction" : "01 - Connect",
    "sampleCount" : 120,
    "errorCount" : 0,
    "errorPct" : 0.0,
    "meanResTime" : 71.31666666666662,
    "medianResTime" : 58.0,
    "minResTime" : 53.0,
    "maxResTime" : 281.0,
    "pct1ResTime" : 96.70000000000007,
    "pct2ResTime" : 160.89999999999998,
    "pct3ResTime" : 280.15999999999997,
    "throughput" : 4.036462713175687,
    "receivedKBytesPerSec" : 0.5084996972652965,
    "sentKBytesPerSec" : 0.6228135826970298
  },
  "08 - Call Rejected" : {
    "transaction" : "08 - Call Rejected",
    "sampleCount" : 89,
    "errorCount" : 0,
    "errorPct" : 0.0,
    "meanResTime" : 0.21348314606741575,
    "medianResTime" : 0.0,
    "minResTime" : 0.0,
    "maxResTime" : 1.0,
    "pct1ResTime" : 1.0,
    "pct2ResTime" : 1.0,
    "pct3ResTime" : 1.0,
    "throughput" : 0.35545970125409376,
    "receivedKBytesPerSec" : 0.0,
    "sentKBytesPerSec" : 0.02568751747344037
  },
  "Random Activity Decision" : {
    "transaction" : "Random Activity Decision",
    "sampleCount" : 1095,
    "errorCount" : 0,
    "errorPct" : 0.0,
    "meanResTime" : 13.536073059360705,
    "medianResTime" : 8.0,
    "minResTime" : 3.0,
    "maxResTime" : 1338.0,
    "pct1ResTime" : 14.0,
    "pct2ResTime" : 19.0,
    "pct3ResTime" : 59.279999999999745,
    "throughput" : 3.7366402315010716,
    "receivedKBytesPerSec" : 0.0,
    "sentKBytesPerSec" : 0.0
  },
  "05 - Call Received (Ping Handled)" : {
    "transaction" : "05 - Call Received (Ping Handled)",
    "sampleCount" : 222,
    "errorCount" : 0,
    "errorPct" : 0.0,
    "meanResTime" : 142.02702702702703,
    "medianResTime" : 0.0,
    "minResTime" : 0.0,
    "maxResTime" : 5738.0,
    "pct1ResTime" : 1.0,
    "pct2ResTime" : 314.0999999999985,
    "pct3ResTime" : 4672.680000000005,
    "throughput" : 0.8147117865308324,
    "receivedKBytesPerSec" : 0.030233445203292613,
    "sentKBytesPerSec" : 0.0
  },
  "03 - Call Initiated" : {
    "transaction" : "03 - Call Initiated",
    "sampleCount" : 663,
    "errorCount" : 0,
    "errorPct" : 0.0,
    "meanResTime" : 0.26244343891402716,
    "medianResTime" : 0.0,
    "minResTime" : 0.0,
    "maxResTime" : 4.0,
    "pct1ResTime" : 1.0,
    "pct2ResTime" : 1.0,
    "pct3ResTime" : 1.0,
    "throughput" : 2.3393835036413932,
    "receivedKBytesPerSec" : 0.0,
    "sentKBytesPerSec" : 0.12108137274706429
  },
  "Caller - Read Response (Timeout)" : {
    "transaction" : "Caller - Read Response (Timeout)",
    "sampleCount" : 43,
    "errorCount" : 0,
    "errorPct" : 0.0,
    "meanResTime" : 130.3953488372093,
    "medianResTime" : 0.0,
    "minResTime" : 0.0,
    "maxResTime" : 5605.0,
    "pct1ResTime" : 0.0,
    "pct2ResTime" : 1.0,
    "pct3ResTime" : 5605.0,
    "throughput" : 0.17740444913855702,
    "receivedKBytesPerSec" : 0.011434271135883557,
    "sentKBytesPerSec" : 0.0
  },
  "02 - Register" : {
    "transaction" : "02 - Register",
    "sampleCount" : 120,
    "errorCount" : 0,
    "errorPct" : 0.0,
    "meanResTime" : 0.20000000000000012,
    "medianResTime" : 0.0,
    "minResTime" : 0.0,
    "maxResTime" : 1.0,
    "pct1ResTime" : 1.0,
    "pct2ResTime" : 1.0,
    "pct3ResTime" : 1.0,
    "throughput" : 4.054191019966891,
    "receivedKBytesPerSec" : 0.0,
    "sentKBytesPerSec" : 0.15836683671745666
  },
  "Total" : {
    "transaction" : "Total",
    "sampleCount" : 4846,
    "errorCount" : 0,
    "errorPct" : 0.0,
    "meanResTime" : 220.1574494428392,
    "medianResTime" : 0.0,
    "minResTime" : 0.0,
    "maxResTime" : 6015.0,
    "pct1ResTime" : 14.0,
    "pct2ResTime" : 60.0,
    "pct3ResTime" : 6004.0,
    "throughput" : 15.99419113157417,
    "receivedKBytesPerSec" : 0.3898127691964949,
    "sentKBytesPerSec" : 0.34230049032955423
  },
  "Caller - Read Response" : {
    "transaction" : "Caller - Read Response",
    "sampleCount" : 219,
    "errorCount" : 0,
    "errorPct" : 0.0,
    "meanResTime" : 681.2602739726027,
    "medianResTime" : 0.0,
    "minResTime" : 0.0,
    "maxResTime" : 6015.0,
    "pct1ResTime" : 6000.0,
    "pct2ResTime" : 6005.0,
    "pct3ResTime" : 6012.8,
    "throughput" : 0.7885697001994829,
    "receivedKBytesPerSec" : 0.07913968711066621,
    "sentKBytesPerSec" : 0.0
  },
  "Caller - Read Response (User Busy)" : {
    "transaction" : "Caller - Read Response (User Busy)",
    "sampleCount" : 96,
    "errorCount" : 0,
    "errorPct" : 0.0,
    "meanResTime" : 0.09375,
    "medianResTime" : 0.0,
    "minResTime" : 0.0,
    "maxResTime" : 2.0,
    "pct1ResTime" : 0.0,
    "pct2ResTime" : 1.0,
    "pct3ResTime" : 2.0,
    "throughput" : 0.3923091068837989,
    "receivedKBytesPerSec" : 0.02145440428270775,
    "sentKBytesPerSec" : 0.0
  },
  "07 - Call Ended by Receiver" : {
    "transaction" : "07 - Call Ended by Receiver",
    "sampleCount" : 286,
    "errorCount" : 0,
    "errorPct" : 0.0,
    "meanResTime" : 0.26223776223776224,
    "medianResTime" : 0.0,
    "minResTime" : 0.0,
    "maxResTime" : 3.0,
    "pct1ResTime" : 1.0,
    "pct2ResTime" : 1.0,
    "pct3ResTime" : 1.0,
    "throughput" : 1.2035162874468202,
    "receivedKBytesPerSec" : 0.0,
    "sentKBytesPerSec" : 0.07639507683988604
  },
  "09 - Timeout (No Response)" : {
    "transaction" : "09 - Timeout (No Response)",
    "sampleCount" : 46,
    "errorCount" : 0,
    "errorPct" : 0.0,
    "meanResTime" : 8.565217391304346,
    "medianResTime" : 7.5,
    "minResTime" : 5.0,
    "maxResTime" : 19.0,
    "pct1ResTime" : 13.300000000000004,
    "pct2ResTime" : 15.299999999999997,
    "pct3ResTime" : 19.0,
    "throughput" : 0.19707556991255842,
    "receivedKBytesPerSec" : 0.007890721060952045,
    "sentKBytesPerSec" : 0.0
  },
  "Caller - Read Response (Ping Handled)" : {
    "transaction" : "Caller - Read Response (Ping Handled)",
    "sampleCount" : 167,
    "errorCount" : 0,
    "errorPct" : 0.0,
    "meanResTime" : 86.79640718562874,
    "medianResTime" : 0.0,
    "minResTime" : 0.0,
    "maxResTime" : 5822.0,
    "pct1ResTime" : 1.0,
    "pct2ResTime" : 1.0,
    "pct3ResTime" : 4347.079999999985,
    "throughput" : 0.6451388593790442,
    "receivedKBytesPerSec" : 0.02394069985976922,
    "sentKBytesPerSec" : 0.0
  },
  "Process Call Decision" : {
    "transaction" : "Process Call Decision",
    "sampleCount" : 453,
    "errorCount" : 0,
    "errorPct" : 0.0,
    "meanResTime" : 10.487858719646795,
    "medianResTime" : 9.0,
    "minResTime" : 4.0,
    "maxResTime" : 74.0,
    "pct1ResTime" : 16.0,
    "pct2ResTime" : 21.0,
    "pct3ResTime" : 38.2999999999999,
    "throughput" : 1.7513202557778105,
    "receivedKBytesPerSec" : 0.0,
    "sentKBytesPerSec" : 0.0
  },
  "Caller - Read Response (Target Unavailable)" : {
    "transaction" : "Caller - Read Response (Target Unavailable)",
    "sampleCount" : 115,
    "errorCount" : 0,
    "errorPct" : 0.0,
    "meanResTime" : 0.07826086956521737,
    "medianResTime" : 0.0,
    "minResTime" : 0.0,
    "maxResTime" : 1.0,
    "pct1ResTime" : 0.0,
    "pct2ResTime" : 1.0,
    "pct3ResTime" : 1.0,
    "throughput" : 0.47898904156375344,