{
  "Get Categories" : {
    "transaction" : "Get Categories",
    "sampleCount" : 100,
    "errorCount" : 0,
    "errorPct" : 0.0,
    "meanResTime" : 55.709999999999994,
    "medianResTime" : 39.0,
    "minResTime" : 32.0,
    "maxResTime" : 424.0,
    "pct1ResTime" : 89.0,
    "pct2ResTime" : 103.74999999999994,
    "pct3ResTime" : 421.8499999999989,
    "throughput" : 1.698715770877217,
    "receivedKBytesPerSec" : 0.9777071424627981,
    "sentKBytesPerSec" : 0.5590500144390841
  },
  "Get Customer Profile (Verify Update)" : {
    "transaction" : "Get Customer Profile (Verify Update)",
    "sampleCount" : 100,
    "errorCount" : 0,
    "errorPct" : 0.0,
    "meanResTime" : 52.97999999999999,
    "medianResTime" : 39.0,
    "minResTime" : 33.0,
    "maxResTime" : 347.0,
    "pct1ResTime" : 78.50000000000003,
    "pct2ResTime" : 108.39999999999986,
    "pct3ResTime" : 345.7799999999994,
    "throughput" : 1.6817746085669598,
    "receivedKBytesPerSec" : 0.8720921065908747,
    "sentKBytesPerSec" : 0.5666135155816417
  },
  "Total" : {
    "transaction" : "Total",
    "sampleCount" : 700,
    "errorCount" : 0,
    "errorPct" : 0.0,
    "meanResTime" : 68.92285714285728,
    "medianResTime" : 43.0,
    "minResTime" : 32.0,
    "maxResTime" : 681.0,
    "pct1ResTime" : 116.89999999999998,
    "pct2ResTime" : 191.94999999999993,
    "pct3ResTime" : 346.83000000000015,
    "throughput" : 9.987729361070684,
    "receivedKBytesPerSec" : 10.295345294531005,
    "sentKBytesPerSec" : 3.313451509573952
  },
  "Verify OTP and Get JWT" : {
    "transaction" : "Verify OTP and Get JWT",
    "sampleCount" : 100,
    "errorCount" : 0,
    "errorPct" : 0.0,
    "meanResTime" : 53.32000000000003,
    "medianResTime" : 42.5,
    "minResTime" : 35.0,
    "maxResTime" : 296.0,
    "pct1ResTime" : 77.9,
    "pct2ResTime" : 88.0,
    "pct3ResTime" : 294.7999999999994,
    "throughput" : 1.6628421297681997,
    "receivedKBytesPerSec" : 0.8638984502311351,
    "sentKBytesPerSec" : 0.4790414338687685
  },
  "Get Countries" : {
    "transaction" : "Get Countries",
    "sampleCount" : 100,
    "errorCount" : 0,
    "errorPct" : 0.0,
    "meanResTime" : 66.21,
    "medianResTime" : 41.0,
    "minResTime" : 33.0,
    "maxResTime" : 455.0,
    "pct1ResTime" : 103.70000000000002,
    "pct2ResTime" : 246.95,
    "pct3ResTime" : 454.4999999999998,
    "throughput" : 1.7030842856412962,
    "receivedKBytesPerSec" : 7.224802867993938,
    "sentKBytesPerSec" : 0.5621508677214435
  },
  "Update Customer Profile" : {
    "transaction" : "Update Customer Profile",
    "sampleCount" : 100,
    "errorCount" : 0,
    "errorPct" : 0.0,
    "meanResTime" : 57.84,
    "medianResTime" : 41.0,
    "minResTime" : 34.0,
    "maxResTime" : 374.0,
    "pct1ResTime" : 93.60000000000002,
    "pct2ResTime" : 115.64999999999992,
    "pct3ResTime" : 372.9499999999995,
    "throughput" : 1.678500092317505,
    "receivedKBytesPerSec" : 0.8376108859123488,
    "sentKBytesPerSec" : 0.729426309649697
  },
  "Get Customer Profile" : {
    "transaction" : "Get Customer Profile",
    "sampleCount" : 100,
    "errorCount" : 0,
    "errorPct" : 0.0,
    "meanResTime" : 53.52,
    "medianResTime" : 39.5,
    "minResTime" : 32.0,
    "maxResTime" : 330.0,
    "pct1ResTime" : 85.80000000000001,
    "pct2ResTime" : 109.19999999999982,
    "pct3ResTime" : 328.8399999999994,
    "throughput" : 1.7060188344479323,
    "receivedKBytesPerSec" : 0.8636720349392657,
    "sentKBytesPerSec" : 0.5747817362153678
  },
  "Send OTP" : {
    "transaction" : "Send OTP",
    "sampleCount" : 100,
    "errorCount" : 0,
    "errorPct" : 0.0,
    "meanResTime" : 142.88000000000002,
    "medianResTime" : 109.0,
    "minResTime" : 96.0,
    "maxResTime" : 681.0,
    "pct1ResTime" : 219.70000000000002,
    "pct2ResTime" : 282.44999999999965,
    "pct3ResTime" : 679.9099999999994,
    "throughput" : 1.6591452083886382,
    "receivedKBytesPerSec" : 0.5881540143018317,
    "sentKBytesPerSec" : 0.44233070497079907
  }
}