{
  "Target Not Available" : {
    "transaction" : "Target Not Available",
    "sampleCount" : 97,
    "errorCount" : 0,
    "errorPct" : 0.0,
    "meanResTime" : 0.0515463917525773,
    "medianResTime" : 0.0,
    "minResTime" : 0.0,
    "maxResTime" : 1.0,
    "pct1ResTime" : 0.0,
    "pct2ResTime" : 1.0,
    "pct3ResTime" : 1.0,
    "throughput" : 0.36200918831568696,
    "receivedKBytesPerSec" : 0.018350477842798443,
    "sentKBytesPerSec" : 0.0
  },
  "06 - Call Accepted" : {
    "transaction" : "06 - Call Accepted",
    "sampleCount" : 282,
    "errorCount" : 0,
    "errorPct" : 0.0,
    "meanResTime" : 0.2163120567375888,
    "medianResTime" : 0.0,
    "minResTime" : 0.0,
    "maxResTime" : 1.0,
    "pct1ResTime" : 1.0,
    "pct2ResTime" : 1.0,
    "pct3ResTime" : 1.0,
    "throughput" : 1.1008701558785297,
    "receivedKBytesPerSec" : 0.0,
    "sentKBytesPerSec" : 0.07955506985840936
  },
  "02 - Register" : {
    "transaction" : "02 - Register",
    "sampleCount" : 120,
    "errorCount" : 0,
    "errorPct" : 0.0,
    "meanResTime" : 0.3083333333333332,
    "medianResTime" : 0.0,
    "minResTime" : 0.0,
    "maxResTime" : 1.0,
    "pct1ResTime" : 1.0,
    "pct2ResTime" : 1.0,
    "pct3ResTime" : 1.0,
    "throughput" : 4.078026235302114,
    "receivedKBytesPerSec" : 0.0,
    "sentKBytesPerSec" : 0.15929789981648884
  },
  "01 - Connect" : {
    "transaction" : "01 - Connect",
    "sampleCount" : 120,
    "errorCount" : 0,
    "errorPct" : 0.0,
    "meanResTime" : 149.9666666666666,
    "medianResTime" : 145.5,
    "minResTime" : 107.0,
    "maxResTime" : 331.0,
    "pct1ResTime" : 174.0,
    "pct2ResTime" : 183.89999999999998,
    "pct3ResTime" : 310.20999999999924,
    "throughput" : 4.0317161671818305,
    "receivedKBytesPerSec" : 0.5079017437172423,
    "sentKBytesPerSec" : 0.622081205483134
  },
  "Total" : {
    "transaction" : "Total",
    "sampleCount" : 1527,
    "errorCount" : 0,
    "errorPct" : 0.0,
    "meanResTime" : 12.178127046496368,
    "medianResTime" : 0.0,
    "minResTime" : 0.0,
    "maxResTime" : 331.0,
    "pct1ResTime" : 5.0,
    "pct2ResTime" : 140.5999999999999,
    "pct3ResTime" : 172.0,
    "throughput" : 5.108202227269839,
    "receivedKBytesPerSec" : 0.09377817330755259,
    "sentKBytesPerSec" : 0.281510929779782
  },
  "09 - Timeout (No Response)" : {
    "transaction" : "09 - Timeout (No Response)",
    "sampleCount" : 55,
    "errorCount" : 0,
    "errorPct" : 0.0,
    "meanResTime" : 5.927272727272728,
    "medianResTime" : 6.0,
    "minResTime" : 4.0,
    "maxResTime" : 10.0,
    "pct1ResTime" : 8.0,
    "pct2ResTime" : 9.0,
    "pct3ResTime" : 10.0,
    "throughput" : 0.22149821391894775,
    "receivedKBytesPerSec" : 0.008868580830739119,
    "sentKBytesPerSec" : 0.0
  },
  "08 - Call Rejected" : {
    "transaction" : "08 - Call Rejected",
    "sampleCount" : 93,
    "errorCount" : 0,
    "errorPct" : 0.0,
    "meanResTime" : 0.2688172043010754,
    "medianResTime" : 0.0,
    "minResTime" : 0.0,
    "maxResTime" : 1.0,
    "pct1ResTime" : 1.0,
    "pct2ResTime" : 1.0,
    "pct3ResTime" : 1.0,
    "throughput" : 0.36641293555860244,
    "receivedKBytesPerSec" : 0.0,
    "sentKBytesPerSec" : 0.02647905979622713
  },
  "User Busy" : {
    "transaction" : "User Busy",
    "sampleCount" : 106,
    "errorCount" : 0,
    "errorPct" : 0.0,
    "meanResTime" : 0.0660377358490566,
    "medianResTime" : 0.0,
    "minResTime" : 0.0,
    "maxResTime" : 1.0,
    "pct1ResTime" : 0.0,
    "pct2ResTime" : 1.0,
    "pct3ResTime" : 1.0,
    "throughput" : 0.42573529707086083,
    "receivedKBytesPerSec" : 0.023282399058562702,
    "sentKBytesPerSec" : 0.0
  },
  "03 - Call Initiated" : {
    "transaction" : "03 - Call Initiated",
    "sampleCount" : 654,
    "errorCount" : 0,
    "errorPct" : 0.0,
    "meanResTime" : 0.21253822629969435,
    "medianResTime" : 0.0,
    "minResTime" : 0.0,
    "maxResTime" : 2.0,
    "pct1ResTime" : 1.0,
    "pct2ResTime" : 1.0,
    "pct3ResTime" : 1.0,
    "throughput" : 2.3026871725536586,
    "receivedKBytesPerSec" : 0.0,
    "sentKBytesPerSec" : 0.11918205092318741
  }
}