{
  "3. Get Customer Profile" : {
    "transaction" : "3. Get Customer Profile",
    "sampleCount" : 1000,
    "errorCount" : 311,
    "errorPct" : 31.1,
    "meanResTime" : 46.06200000000006,
    "medianResTime" : 41.0,
    "minResTime" : 24.0,
    "maxResTime" : 270.0,
    "pct1ResTime" : 71.0,
    "pct2ResTime" : 85.0,
    "pct3ResTime" : 126.95000000000005,
    "throughput" : 3.341575887188398,
    "receivedKBytesPerSec" : 1.468133113763951,
    "sentKBytesPerSec" : 0.9945006275897214
  },
  "8. Get Category People" : {
    "transaction" : "8. Get Category People",
    "sampleCount" : 1000,
    "errorCount" : 340,
    "errorPct" : 34.0,
    "meanResTime" : 52.78099999999995,
    "medianResTime" : 43.0,
    "minResTime" : 25.0,
    "maxResTime" : 362.0,
    "pct1ResTime" : 98.0,
    "pct2ResTime" : 117.0,
    "pct3ResTime" : 163.97000000000003,
    "throughput" : 3.2044092671516005,
    "receivedKBytesPerSec" : 1.3431669477200627,
    "sentKBytesPerSec" : 0.9768347496154709
  },
  "12. Get Incoming Call History" : {
    "transaction" : "12. Get Incoming Call History",
    "sampleCount" : 1000,
    "errorCount" : 339,
    "errorPct" : 33.9,
    "meanResTime" : 45.780000000000015,
    "medianResTime" : 40.0,
    "minResTime" : 25.0,
    "maxResTime" : 260.0,
    "pct1ResTime" : 77.0,
    "pct2ResTime" : 87.0,
    "pct3ResTime" : 120.98000000000002,
    "throughput" : 3.2042552509732927,
    "receivedKBytesPerSec" : 1.1308017046637935,
    "sentKBytesPerSec" : 0.9692778259528655
  },
  "6. Get Buzz Installed Contacts" : {
    "transaction" : "6. Get Buzz Installed Contacts",
    "sampleCount" : 1000,
    "errorCount" : 323,
    "errorPct" : 32.3,
    "meanResTime" : 3561.1030000000005,
    "medianResTime" : 932.0,
    "minResTime" : 24.0,
    "maxResTime" : 21284.0,
    "pct1ResTime" : 15153.899999999998,
    "pct2ResTime" : 19240.649999999998,
    "pct3ResTime" : 21187.96,
    "throughput" : 3.1952148462462615,
    "receivedKBytesPerSec" : 574.4711220476214,
    "sentKBytesPerSec" : 0.9727837840050739
  },
  "9A. Mute People" : {
    "transaction" : "9A. Mute People",
    "sampleCount" : 1000,
    "errorCount" : 340,
    "errorPct" : 34.0,
    "meanResTime" : 45.514999999999986,
    "medianResTime" : 41.0,
    "minResTime" : 25.0,
    "maxResTime" : 263.0,
    "pct1ResTime" : 73.0,
    "pct2ResTime" : 84.94999999999993,
    "pct3ResTime" : 106.95000000000005,
    "throughput" : 3.2046043755668143,
    "receivedKBytesPerSec" : 1.6354435553002555,
    "sentKBytesPerSec" : 1.185506460682709
  },
  "2. Verify OTP and Get JWT" : {
    "transaction" : "2. Verify OTP and Get JWT",
    "sampleCount" : 1000,
    "errorCount" : 283,
    "errorPct" : 28.3,
    "meanResTime" : 49.669000000000025,
    "medianResTime" : 44.0,
    "minResTime" : 25.0,
    "maxResTime" : 278.0,
    "pct1ResTime" : 80.89999999999998,
    "pct2ResTime" : 94.94999999999993,
    "pct3ResTime" : 137.8900000000001,
    "throughput" : 3.341989085063648,
    "receivedKBytesPerSec" : 1.5254417796258977,
    "sentKBytesPerSec" : 0.9497254138217984
  },
  "1. Send OTP" : {
    "transaction" : "1. Send OTP",
    "sampleCount" : 1000,
    "errorCount" : 271,
    "errorPct" : 27.1,
    "meanResTime" : 120.01100000000007,
    "medianResTime" : 110.0,
    "minResTime" : 79.0,
    "maxResTime" : 574.0,
    "pct1ResTime" : 160.89999999999998,
    "pct2ResTime" : 177.94999999999993,
    "pct3ResTime" : 315.93000000000006,
    "throughput" : 3.337549771210963,
    "receivedKBytesPerSec" : 1.1274888473688427,
    "sentKBytesPerSec" : 0.8800180060810158
  },
  "11. Get Category List" : {
    "transaction" : "11. Get Category List",
    "sampleCount" : 1000,
    "errorCount" : 338,
    "errorPct" : 33.8,
    "meanResTime" : 44.92500000000004,
    "medianResTime" : 40.0,
    "minResTime" : 24.0,
    "maxResTime" : 264.0,
    "pct1ResTime" : 72.89999999999998,
    "pct2ResTime" : 85.0,
    "pct3ResTime" : 110.98000000000002,
    "throughput" : 3.2043887308057113,
    "receivedKBytesPerSec" : 1.7959096778948447,
    "sentKBytesPerSec" : 0.928637486902061
  },
  "Total" : {
    "transaction" : "Total",
    "sampleCount" : 13000,
    "errorCount" : 4221,
    "errorPct" : 32.46923,
    "meanResTime" : 325.10399999999976,
    "medianResTime" : 44.0,
    "minResTime" : 24.0,
    "maxResTime" : 21284.0,
    "pct1ResTime" : 121.0,
    "pct2ResTime" : 687.9499999999989,
    "pct3ResTime" : 12256.61999999997,
    "throughput" : 39.156272684282975,
    "receivedKBytesPerSec" : 558.3599683446008,
    "sentKBytesPerSec" : 12.76769512907263
  },
  "5. Create Category" : {
    "transaction" : "5. Create Category",
    "sampleCount" : 1000,
    "errorCount" : 340,
    "errorPct" : 34.0,
    "meanResTime" : 48.82000000000001,
    "medianResTime" : 43.0,
    "minResTime" : 25.0,
    "maxResTime" : 223.0,
    "pct1ResTime" : 83.0,
    "pct2ResTime" : 101.0,
    "pct3ResTime" : 119.98000000000002,
    "throughput" : 3.3400356715809725,
    "receivedKBytesPerSec" : 1.5209817909605274,
    "sentKBytesPerSec" : 1.1636534239123173
  },
  "9B. Block People" : {
    "transaction" : "9B. Block People",
    "sampleCount" : 1000,
    "errorCount" : 340,
    "errorPct" : 34.0,
    "meanResTime" : 45.84900000000002,
    "medianResTime" : 41.0,
    "minResTime" : 24.0,
    "maxResTime" : 270.0,
    "pct1ResTime" : 74.0,
    "pct2ResTime" : 84.94999999999993,
    "pct3ResTime" : 109.96000000000004,
    "throughput" : 3.204573567395387,
    "receivedKBytesPerSec" : 1.7308765570221822,
    "sentKBytesPerSec" : 1.1197762696921048
  },
  "4. Update Profile Name" : {
    "transaction" : "4. Update Profile Name",
    "sampleCount" : 1000,
    "errorCount" : 315,
    "errorPct" : 31.5,
    "meanResTime" : 49.28200000000003,
    "medianResTime" : 43.0,
    "minResTime" : 25.0,
    "maxResTime" : 257.0,
    "pct1ResTime" : 83.89999999999998,
    "pct2ResTime" : 98.94999999999993,
    "pct3ResTime" : 126.95000000000005,
    "throughput" : 3.3409060537217696,
    "receivedKBytesPerSec" : 1.4492909187909262,
    "sentKBytesPerSec" : 1.1835322825487773
  },
  "10. Update Category" : {
    "transaction" : "10. Update Category",
    "sampleCount" : 1000,
    "errorCount" : 341,
    "errorPct" : 34.1,
    "meanResTime" : 50.79799999999995,
    "medianResTime" : 43.0,
    "minResTime" : 25.0,
    "maxResTime" : 227.0,
    "pct1ResTime" : 94.0,
    "pct2ResTime" : 114.94999999999993,
    "pct3ResTime" : 136.96000000000004,
    "throughput" : 3.20459410611052,
    "receivedKBytesPerSec" : 1.565841665611821,
    "sentKBytesPerSec" : 1.183437200570738
  },
  "7. Add People to Category" : {
    "transaction" : "7. Add People to Category",
    "sampleCount" : 1000,
    "errorCount" : 340,
    "errorPct" : 34.0,
    "meanResTime" : 65.75700000000003,
    "medianResTime" : 51.0,
    "minResTime" : 24.0,
    "maxResTime" : 283.0,
    "pct1ResTime" : 145.0,
    "pct2ResTime" : 180.94999999999993,
    "pct3ResTime" : 210.96000000000004,
    "throughput" : 3.204460609167962,
    "receivedKBytesPerSec" : 1.896051804111323,
    "sentKBytesPerSec" : 1.2835272949946326
  }
}