{
  "03 - Listen for Calls" : {
    "transaction" : "03 - Listen for Calls",
    "sampleCount" : 1147,
    "errorCount" : 1034,
    "errorPct" : 90.14822,
    "meanResTime" : 8824.380993897132,
    "medianResTime" : 10001.0,
    "minResTime" : 0.0,
    "maxResTime" : 10043.0,
    "pct1ResTime" : 10011.0,
    "pct2ResTime" : 10014.0,
    "pct3ResTime" : 10015.0,
    "throughput" : 6.219397797454764,
    "receivedKBytesPerSec" : 0.0813559385217679,
    "sentKBytesPerSec" : 0.0
  },
  "03 - Make Call" : {
    "transaction" : "03 - Make Call",
    "sampleCount" : 300,
    "errorCount" : 0,
    "errorPct" : 0.0,
    "meanResTime" : 0.23333333333333342,
    "medianResTime" : 0.0,
    "minResTime" : 0.0,
    "maxResTime" : 1.0,
    "pct1ResTime" : 1.0,
    "pct2ResTime" : 1.0,
    "pct3ResTime" : 1.0,
    "throughput" : 3.122008075594222,
    "receivedKBytesPerSec" : 0.0,
    "sentKBytesPerSec" : 0.16158830860009157
  },
  "01 - WebSocket Connect" : {
    "transaction" : "01 - WebSocket Connect",
    "sampleCount" : 120,
    "errorCount" : 0,
    "errorPct" : 0.0,
    "meanResTime" : 165.19166666666666,
    "medianResTime" : 93.0,
    "minResTime" : 52.0,
    "maxResTime" : 1081.0,
    "pct1ResTime" : 381.9000000000001,
    "pct2ResTime" : 562.95,
    "pct3ResTime" : 1069.8699999999997,
    "throughput" : 4.050632911392405,
    "receivedKBytesPerSec" : 0.5102848101265823,
    "sentKBytesPerSec" : 0.625
  },
  "Total" : {
    "transaction" : "Total",
    "sampleCount" : 3374,
    "errorCount" : 1089,
    "errorPct" : 32.27623,
    "meanResTime" : 3033.7332542975673,
    "medianResTime" : 55.0,
    "minResTime" : 0.0,
    "maxResTime" : 10043.0,
    "pct1ResTime" : 10003.0,
    "pct2ResTime" : 10009.0,
    "pct3ResTime" : 10014.0,
    "throughput" : 18.128576417806197,
    "receivedKBytesPerSec" : 0.28307011122155656,
    "sentKBytesPerSec" : 0.20809966284286596
  },
  "02 - Register User" : {
    "transaction" : "02 - Register User",
    "sampleCount" : 120,
    "errorCount" : 0,
    "errorPct" : 0.0,
    "meanResTime" : 0.2083333333333334,
    "medianResTime" : 0.0,
    "minResTime" : 0.0,
    "maxResTime" : 1.0,
    "pct1ResTime" : 1.0,
    "pct2ResTime" : 1.0,
    "pct3ResTime" : 1.0,
    "throughput" : 4.076779344317989,
    "receivedKBytesPerSec" : 0.0,
    "sentKBytesPerSec" : 0.15924919313742145
  },
  "Select Receiver Target" : {
    "transaction" : "Select Receiver Target",
    "sampleCount" : 300,
    "errorCount" : 0,
    "errorPct" : 0.0,
    "meanResTime" : 9.423333333333332,
    "medianResTime" : 8.0,
    "minResTime" : 3.0,
    "maxResTime" : 204.0,
    "pct1ResTime" : 13.0,
    "pct2ResTime" : 19.94999999999999,
    "pct3ResTime" : 36.98000000000002,
    "throughput" : 3.1118717908822155,
    "receivedKBytesPerSec" : 0.0,
    "sentKBytesPerSec" : 0.0
  },
  "Log Received Message" : {
    "transaction" : "Log Received Message",
    "sampleCount" : 1087,
    "errorCount" : 0,
    "errorPct" : 0.0,
    "meanResTime" : 58.39558417663293,
    "medianResTime" : 19.0,
    "minResTime" : 3.0,
    "maxResTime" : 1012.0,
    "pct1ResTime" : 157.0,
    "pct2ResTime" : 171.0,
    "pct3ResTime" : 184.1199999999999,
    "throughput" : 6.215904022324645,
    "receivedKBytesPerSec" : 0.0,
    "sentKBytesPerSec" : 0.0
  },
  "04 - Read Call Response" : {
    "transaction" : "04 - Read Call Response",
    "sampleCount" : 300,
    "errorCount" : 55,
    "errorPct" : 18.333334,
    "meanResTime" : 93.43333333333338,
    "medianResTime" : 0.0,
    "minResTime" : 0.0,
    "maxResTime" : 6005.0,
    "pct1ResTime" : 0.0,
    "pct2ResTime" : 1.0,
    "pct3ResTime" : 6001.0,
    "throughput" : 3.1696725728232273,
    "receivedKBytesPerSec" : 0.23838579141441354,
    "sentKBytesPerSec" : 0.0
  }
}