{
  "8. Add People to Category" : {
    "transaction" : "8. Add People to Category",
    "sampleCount" : 100,
    "errorCount" : 0,
    "errorPct" : 0.0,
    "meanResTime" : 445.61000000000024,
    "medianResTime" : 540.0,
    "minResTime" : 46.0,
    "maxResTime" : 554.0,
    "pct1ResTime" : 551.0,
    "pct2ResTime" : 554.0,
    "pct3ResTime" : 554.0,
    "throughput" : 61.050061050061046,
    "receivedKBytesPerSec" : 36.81664472680098,
    "sentKBytesPerSec" : 27.65853937728938
  },
  "6. Create Category" : {
    "transaction" : "6. Create Category",
    "sampleCount" : 100,
    "errorCount" : 0,
    "errorPct" : 0.0,
    "meanResTime" : 221.81999999999996,
    "medianResTime" : 257.0,
    "minResTime" : 40.0,
    "maxResTime" : 328.0,
    "pct1ResTime" : 284.0,
    "pct2ResTime" : 284.0,
    "pct3ResTime" : 327.5799999999998,
    "throughput" : 103.62694300518135,
    "receivedKBytesPerSec" : 51.25890544041451,
    "sentKBytesPerSec" : 46.51878238341969
  },
  "2. Verify OTP" : {
    "transaction" : "2. Verify OTP",
    "sampleCount" : 100,
    "errorCount" : 0,
    "errorPct" : 0.0,
    "meanResTime" : 112.53999999999996,
    "medianResTime" : 104.5,
    "minResTime" : 48.0,
    "maxResTime" : 189.0,
    "pct1ResTime" : 174.0,
    "pct2ResTime" : 183.95,
    "pct3ResTime" : 189.0,
    "throughput" : 157.48031496062993,
    "receivedKBytesPerSec" : 76.43331692913385,
    "sentKBytesPerSec" : 45.52165354330709
  },
  "9. Mute People" : {
    "transaction" : "9. Mute People",
    "sampleCount" : 100,
    "errorCount" : 0,
    "errorPct" : 0.0,
    "meanResTime" : 226.39000000000004,
    "medianResTime" : 288.5,
    "minResTime" : 43.0,
    "maxResTime" : 329.0,
    "pct1ResTime" : 321.0,
    "pct2ResTime" : 324.95,
    "pct3ResTime" : 328.98,
    "throughput" : 53.219797764768494,
    "receivedKBytesPerSec" : 31.287420170303353,
    "sentKBytesPerSec" : 21.9843500532198
  },
  "3. Get Profile Data" : {
    "transaction" : "3. Get Profile Data",
    "sampleCount" : 100,
    "errorCount" : 0,
    "errorPct" : 0.0,
    "meanResTime" : 96.04000000000003,
    "medianResTime" : 96.0,
    "minResTime" : 40.0,
    "maxResTime" : 171.0,
    "pct1ResTime" : 157.8,
    "pct2ResTime" : 171.0,
    "pct3ResTime" : 171.0,
    "throughput" : 155.27950310559004,
    "receivedKBytesPerSec" : 72.78726708074534,
    "sentKBytesPerSec" : 53.37732919254658
  },
  "Get Category People (for Contact Details)" : {
    "transaction" : "Get Category People (for Contact Details)",
    "sampleCount" : 100,
    "errorCount" : 0,
    "errorPct" : 0.0,
    "meanResTime" : 155.96000000000006,
    "medianResTime" : 170.5,
    "minResTime" : 60.0,
    "maxResTime" : 220.0,
    "pct1ResTime" : 219.0,
    "pct2ResTime" : 219.0,
    "pct3ResTime" : 220.0,
    "throughput" : 47.214353163361665,
    "receivedKBytesPerSec" : 21.66696175637394,
    "sentKBytesPerSec" : 16.46047273371105
  },
  "11. View People Details" : {
    "transaction" : "11. View People Details",
    "sampleCount" : 100,
    "errorCount" : 100,
    "errorPct" : 100.0,
    "meanResTime" : 114.53000000000002,
    "medianResTime" : 129.0,
    "minResTime" : 40.0,
    "maxResTime" : 182.0,
    "pct1ResTime" : 174.9,
    "pct2ResTime" : 177.0,
    "pct3ResTime" : 181.98,
    "throughput" : 45.06534474988734,
    "receivedKBytesPerSec" : 14.390984114465976,
    "sentKBytesPerSec" : 15.66724876070302
  },
  "7. Update Category" : {
    "transaction" : "7. Update Category",
    "sampleCount" : 100,
    "errorCount" : 0,
    "errorPct" : 0.0,
    "meanResTime" : 343.84999999999997,
    "medianResTime" : 393.0,
    "minResTime" : 41.0,
    "maxResTime" : 440.0,
    "pct1ResTime" : 436.0,
    "pct2ResTime" : 437.9,
    "pct3ResTime" : 440.0,
    "throughput" : 86.05851979345955,
    "receivedKBytesPerSec" : 47.08762505378658,
    "sentKBytesPerSec" : 40.966040501290884
  },
  "1. Send OTP" : {
    "transaction" : "1. Send OTP",
    "sampleCount" : 100,
    "errorCount" : 0,
    "errorPct" : 0.0,
    "meanResTime" : 1032.4100000000003,
    "medianResTime" : 1078.5,
    "minResTime" : 747.0,
    "maxResTime" : 1240.0,
    "pct1ResTime" : 1217.0,
    "pct2ResTime" : 1225.6999999999998,
    "pct3ResTime" : 1239.92,
    "throughput" : 80.1924619085806,
    "receivedKBytesPerSec" : 25.530022052927023,
    "sentKBytesPerSec" : 21.536061547714514
  },
  "Total" : {
    "transaction" : "Total",
    "sampleCount" : 1500,
    "errorCount" : 200,
    "errorPct" : 13.333333,
    "meanResTime" : 252.16400000000058,
    "medianResTime" : 173.0,
    "minResTime" : 36.0,
    "maxResTime" : 1240.0,
    "pct1ResTime" : 540.0,
    "pct2ResTime" : 839.95,
    "pct3ResTime" : 1214.96,
    "throughput" : 28.007543365012978,
    "receivedKBytesPerSec" : 13.147627031713874,
    "sentKBytesPerSec" : 10.490010205248613
  },
  "14. Get Category List" : {
    "transaction" : "14. Get Category List",
    "sampleCount" : 100,
    "errorCount" : 0,
    "errorPct" : 0.0,
    "meanResTime" : 132.35999999999996,
    "medianResTime" : 135.5,
    "minResTime" : 36.0,
    "maxResTime" : 347.0,
    "pct1ResTime" : 201.0,
    "pct2ResTime" : 250.64999999999992,
    "pct3ResTime" : 347.0,
    "throughput" : 37.65060240963856,
    "receivedKBytesPerSec" : 24.68210243317018,
    "sentKBytesPerSec" : 12.648249246987952
  },
  "4. Update Profile Name" : {
    "transaction" : "4. Update Profile Name",
    "sampleCount" : 100,
    "errorCount" : 0,
    "errorPct" : 0.0,
    "meanResTime" : 246.53000000000003,
    "medianResTime" : 248.0,
    "minResTime" : 73.0,
    "maxResTime" : 358.0,
    "pct1ResTime" : 323.0,
    "pct2ResTime" : 347.0,
    "pct3ResTime" : 358.0,
    "throughput" : 119.61722488038278,
    "receivedKBytesPerSec" : 55.12671949760766,
    "sentKBytesPerSec" : 47.65064294258374
  },
  "13. Get Incoming Call History" : {
    "transaction" : "13. Get Incoming Call History",
    "sampleCount" : 100,
    "errorCount" : 0,
    "errorPct" : 0.0,
    "meanResTime" : 183.78999999999996,
    "medianResTime" : 123.0,
    "minResTime" : 42.0,
    "maxResTime" : 367.0,
    "pct1ResTime" : 359.0,
    "pct2ResTime" : 367.0,
    "pct3ResTime" : 367.0,
    "throughput" : 39.032006245121,
    "receivedKBytesPerSec" : 13.226666178766589,
    "sentKBytesPerSec" : 13.607838114754099
  },
  "5. Buzz Installed Contacts" : {
    "transaction" : "5. Buzz Installed Contacts",
    "sampleCount" : 100,
    "errorCount" : 100,
    "errorPct" : 100.0,
    "meanResTime" : 171.12,
    "medianResTime" : 139.0,
    "minResTime" : 41.0,
    "maxResTime" : 289.0,
    "pct1ResTime" : 288.0,
    "pct2ResTime" : 289.0,
    "pct3ResTime" : 289.0,
    "throughput" : 110.49723756906077,
    "receivedKBytesPerSec" : 37.335980662983424,
    "sentKBytesPerSec" : 38.73877762430939
  },
  "12. Remove People from Category" : {
    "transaction" : "12. Remove People from Category",
    "sampleCount" : 100,
    "errorCount" : 0,
    "errorPct" : 0.0,
    "meanResTime" : 128.27000000000004,
    "medianResTime" : 108.5,
    "minResTime" : 36.0,
    "maxResTime" : 261.0,
    "pct1ResTime" : 229.0,
    "pct2ResTime" : 229.0,
    "pct3ResTime" : 261.0,
    "throughput" : 44.20866489832007,
    "receivedKBytesPerSec" : 14.721830791335101,
    "sentKBytesPerSec" : 17.83025254199823
  },
  "10. Block People" : {
    "transaction" : "10. Block People",
    "sampleCount" : 100,
    "errorCount" : 0,
    "errorPct" : 0.0,
    "meanResTime" : 171.24000000000004,
    "medianResTime" : 207.5,
    "minResTime" : 42.0,
    "maxResTime" : 278.0,
    "pct1ResTime" : 242.0,
    "pct2ResTime" : 254.0,
    "pct3ResTime" : 277.8399999999999,
    "throughput" : 49.48045522018803,
    "receivedKBytesPerSec" : 31.263529811974273,
    "sentKBytesPerSec" : 19.42494433448788
  }
}