{
  "8. Add People to Category" : {
    "transaction" : "8. Add People to Category",
    "sampleCount" : 10,
    "errorCount" : 0,
    "errorPct" : 0.0,
    "meanResTime" : 993.4,
    "medianResTime" : 979.0,
    "minResTime" : 665.0,
    "maxResTime" : 1233.0,
    "pct1ResTime" : 1230.4,
    "pct2ResTime" : 1233.0,
    "pct3ResTime" : 1233.0,
    "throughput" : 0.36748493311774216,
    "receivedKBytesPerSec" : 0.23495350167205645,
    "sentKBytesPerSec" : 0.1794718896993973
  },
  "6. Create Category" : {
    "transaction" : "6. Create Category",
    "sampleCount" : 10,
    "errorCount" : 0,
    "errorPct" : 0.0,
    "meanResTime" : 453.6,
    "medianResTime" : 482.0,
    "minResTime" : 298.0,
    "maxResTime" : 556.0,
    "pct1ResTime" : 554.7,
    "pct2ResTime" : 556.0,
    "pct3ResTime" : 556.0,
    "throughput" : 0.37652020030874656,
    "receivedKBytesPerSec" : 0.2000263564140216,
    "sentKBytesPerSec" : 0.1822298938213035
  },
  "2. Verify OTP" : {
    "transaction" : "2. Verify OTP",
    "sampleCount" : 10,
    "errorCount" : 0,
    "errorPct" : 0.0,
    "meanResTime" : 536.5999999999999,
    "medianResTime" : 545.5,
    "minResTime" : 478.0,
    "maxResTime" : 588.0,
    "pct1ResTime" : 586.8,
    "pct2ResTime" : 588.0,
    "pct3ResTime" : 588.0,
    "throughput" : 0.3733711682783855,
    "receivedKBytesPerSec" : 0.19507185061419557,
    "sentKBytesPerSec" : 0.12105393346525781
  },
  "9. Mute People" : {
    "transaction" : "9. Mute People",
    "sampleCount" : 10,
    "errorCount" : 0,
    "errorPct" : 0.0,
    "meanResTime" : 360.6,
    "medianResTime" : 362.5,
    "minResTime" : 245.0,
    "maxResTime" : 438.0,
    "pct1ResTime" : 436.0,
    "pct2ResTime" : 438.0,
    "pct3ResTime" : 438.0,
    "throughput" : 0.3790463194602381,
    "receivedKBytesPerSec" : 0.23690394966264877,
    "sentKBytesPerSec" : 0.1702747138200288
  },
  "3. Get Profile Data" : {
    "transaction" : "3. Get Profile Data",
    "sampleCount" : 10,
    "errorCount" : 0,
    "errorPct" : 0.0,
    "meanResTime" : 399.3,
    "medianResTime" : 389.5,
    "minResTime" : 342.0,
    "maxResTime" : 489.0,
    "pct1ResTime" : 486.8,
    "pct2ResTime" : 489.0,
    "pct3ResTime" : 489.0,
    "throughput" : 0.37498125093745316,
    "receivedKBytesPerSec" : 0.1893215886080696,
    "sentKBytesPerSec" : 0.14244893224088795
  },
  "11. View People Details" : {
    "transaction" : "11. View People Details",
    "sampleCount" : 10,
    "errorCount" : 0,
    "errorPct" : 0.0,
    "meanResTime" : 545.6999999999998,
    "medianResTime" : 548.0,
    "minResTime" : 444.0,
    "maxResTime" : 626.0,
    "pct1ResTime" : 625.2,
    "pct2ResTime" : 626.0,
    "pct3ResTime" : 626.0,
    "throughput" : 0.3745178083217857,
    "receivedKBytesPerSec" : 0.1851010378824763,
    "sentKBytesPerSec" : 0.14410157859256206
  },
  "7. Update Category" : {
    "transaction" : "7. Update Category",
    "sampleCount" : 10,
    "errorCount" : 0,
    "errorPct" : 0.0,
    "meanResTime" : 562.6999999999999,
    "medianResTime" : 570.0,
    "minResTime" : 433.0,
    "maxResTime" : 670.0,
    "pct1ResTime" : 663.0,
    "pct2ResTime" : 670.0,
    "pct3ResTime" : 670.0,
    "throughput" : 0.37527676661537884,
    "receivedKBytesPerSec" : 0.21886258302998463,
    "sentKBytesPerSec" : 0.191596380455586
  },
  "1. Send OTP" : {
    "transaction" : "1. Send OTP",
    "sampleCount" : 10,
    "errorCount" : 0,
    "errorPct" : 0.0,
    "meanResTime" : 816.9,
    "medianResTime" : 769.5,
    "minResTime" : 482.0,
    "maxResTime" : 1290.0,
    "pct1ResTime" : 1262.2,
    "pct2ResTime" : 1290.0,
    "pct3ResTime" : 1290.0,
    "throughput" : 0.36359669854197724,
    "receivedKBytesPerSec" : 0.12889218903392358,
    "sentKBytesPerSec" : 0.1104282941860888
  },
  "Total" : {
    "transaction" : "Total",
    "sampleCount" : 130,
    "errorCount" : 0,
    "errorPct" : 0.0,
    "meanResTime" : 509.20769230769235,
    "medianResTime" : 461.0,
    "minResTime" : 212.0,
    "maxResTime" : 1290.0,
    "pct1ResTime" : 844.2,
    "pct2ResTime" : 1017.8499999999999,
    "pct3ResTime" : 1272.33,
    "throughput" : 1.231083922043978,
    "receivedKBytesPerSec" : 0.6491396765326994,
    "sentKBytesPerSec" : 0.5098011740279172
  },
  "14. Get Category List" : {
    "transaction" : "14. Get Category List",
    "sampleCount" : 10,
    "errorCount" : 0,
    "errorPct" : 0.0,
    "meanResTime" : 348.80000000000007,
    "medianResTime" : 357.0,
    "minResTime" : 296.0,
    "maxResTime" : 395.0,
    "pct1ResTime" : 394.5,
    "pct2ResTime" : 395.0,
    "pct3ResTime" : 395.0,
    "throughput" : 0.3939799858167205,
    "receivedKBytesPerSec" : 0.27209242770467257,
    "sentKBytesPerSec" : 0.14658825644157275
  },
  "4. Update Profile Name" : {
    "transaction" : "4. Update Profile Name",
    "sampleCount" : 10,
    "errorCount" : 0,
    "errorPct" : 0.0,
    "meanResTime" : 494.8,
    "medianResTime" : 470.5,
    "minResTime" : 337.0,
    "maxResTime" : 634.0,
    "pct1ResTime" : 629.6,
    "pct2ResTime" : 634.0,
    "pct3ResTime" : 634.0,
    "throughput" : 0.37485474378678263,
    "receivedKBytesPerSec" : 0.18599970245904712,
    "sentKBytesPerSec" : 0.1625712809723732
  },
  "13. Get Incoming Call History" : {
    "transaction" : "13. Get Incoming Call History",
    "sampleCount" : 10,
    "errorCount" : 0,
    "errorPct" : 0.0,
    "meanResTime" : 326.4,
    "medianResTime" : 337.0,
    "minResTime" : 212.0,
    "maxResTime" : 416.0,
    "pct1ResTime" : 414.5,
    "pct2ResTime" : 416.0,
    "pct3ResTime" : 416.0,
    "throughput" : 0.3942906710827222,
    "receivedKBytesPerSec" : 0.14785900165602084,
    "sentKBytesPerSec" : 0.15170949649081303
  },
  "12. Remove People from Category" : {
    "transaction" : "12. Remove People from Category",
    "sampleCount" : 10,
    "errorCount" : 0,
    "errorPct" : 0.0,
    "meanResTime" : 394.0,
    "medianResTime" : 372.5,
    "minResTime" : 337.0,
    "maxResTime" : 510.0,
    "pct1ResTime" : 505.0,
    "pct2ResTime" : 510.0,
    "pct3ResTime" : 510.0,
    "throughput" : 0.39079291883231076,
    "receivedKBytesPerSec" : 0.14425754230333346,
    "sentKBytesPerSec" : 0.17173516940873032
  },
  "10. Block People" : {
    "transaction" : "10. Block People",
    "sampleCount" : 10,
    "errorCount" : 0,
    "errorPct" : 0.0,
    "meanResTime" : 386.90000000000003,
    "medianResTime" : 368.0,
    "minResTime" : 299.0,
    "maxResTime" : 478.0,
    "pct1ResTime" : 477.7,
    "pct2ResTime" : 478.0,
    "pct3ResTime" : 478.0,
    "throughput" : 0.3783006733751986,
    "receivedKBytesPerSec" : 0.25306246216993267,
    "sentKBytesPerSec" : 0.16218163633956267
  }
}