{
  "3. Get Customer Profile" : {
    "transaction" : "3. Get Customer Profile",
    "sampleCount" : 1000,
    "errorCount" : 213,
    "errorPct" : 21.3,
    "meanResTime" : 123.035,
    "medianResTime" : 105.0,
    "minResTime" : 24.0,
    "maxResTime" : 585.0,
    "pct1ResTime" : 261.0,
    "pct2ResTime" : 282.89999999999986,
    "pct3ResTime" : 343.8600000000001,
    "throughput" : 3.3408502463877054,
    "receivedKBytesPerSec" : 1.570858650714107,
    "sentKBytesPerSec" : 1.0415981531362233
  },
  "8. Get Category People" : {
    "transaction" : "8. Get Category People",
    "sampleCount" : 1000,
    "errorCount" : 300,
    "errorPct" : 30.0,
    "meanResTime" : 202.76299999999998,
    "medianResTime" : 174.0,
    "minResTime" : 24.0,
    "maxResTime" : 909.0,
    "pct1ResTime" : 427.9,
    "pct2ResTime" : 449.94999999999993,
    "pct3ResTime" : 504.96000000000004,
    "throughput" : 2.8072539441917916,
    "receivedKBytesPerSec" : 1.2000791294705517,
    "sentKBytesPerSec" : 0.8935483821444612
  },
  "12. Get Incoming Call History" : {
    "transaction" : "12. Get Incoming Call History",
    "sampleCount" : 1000,
    "errorCount" : 304,
    "errorPct" : 30.4,
    "meanResTime" : 145.83199999999997,
    "medianResTime" : 125.0,
    "minResTime" : 24.0,
    "maxResTime" : 1658.0,
    "pct1ResTime" : 278.9,
    "pct2ResTime" : 293.0,
    "pct3ResTime" : 507.97,
    "throughput" : 2.8072933481184115,
    "receivedKBytesPerSec" : 0.9980613226913522,
    "sentKBytesPerSec" : 0.8889552087573517
  },
  "6. Get Buzz Installed Contacts" : {
    "transaction" : "6. Get Buzz Installed Contacts",
    "sampleCount" : 1000,
    "errorCount" : 727,
    "errorPct" : 72.7,
    "meanResTime" : 30505.468,
    "medianResTime" : 28165.5,
    "minResTime" : 24.0,
    "maxResTime" : 60031.0,
    "pct1ResTime" : 60015.0,
    "pct2ResTime" : 60021.0,
    "pct3ResTime" : 60028.0,
    "throughput" : 2.779584507707788,
    "receivedKBytesPerSec" : 262.2156224462567,
    "sentKBytesPerSec" : 0.4133627613156885
  },
  "9A. Mute People" : {
    "transaction" : "9A. Mute People",
    "sampleCount" : 1000,
    "errorCount" : 302,
    "errorPct" : 30.2,
    "meanResTime" : 139.057,
    "medianResTime" : 126.0,
    "minResTime" : 24.0,
    "maxResTime" : 608.0,
    "pct1ResTime" : 273.9,
    "pct2ResTime" : 287.0,
    "pct3ResTime" : 337.9200000000001,
    "throughput" : 2.8072066609399653,
    "receivedKBytesPerSec" : 1.553890319102199,
    "sentKBytesPerSec" : 1.0772381420081634
  },
  "2. Verify OTP and Get JWT" : {
    "transaction" : "2. Verify OTP and Get JWT",
    "sampleCount" : 1000,
    "errorCount" : 183,
    "errorPct" : 18.3,
    "meanResTime" : 146.9899999999998,
    "medianResTime" : 119.0,
    "minResTime" : 24.0,
    "maxResTime" : 592.0,
    "pct1ResTime" : 324.0,
    "pct2ResTime" : 355.0,
    "pct3ResTime" : 426.73000000000025,
    "throughput" : 3.3435311031980874,
    "receivedKBytesPerSec" : 1.6019040364779245,
    "sentKBytesPerSec" : 0.9501636240533629
  },
  "1. Send OTP" : {
    "transaction" : "1. Send OTP",
    "sampleCount" : 1000,
    "errorCount" : 167,
    "errorPct" : 16.7,
    "meanResTime" : 217.8699999999997,
    "medianResTime" : 198.0,
    "minResTime" : 80.0,
    "maxResTime" : 950.0,
    "pct1ResTime" : 391.9,
    "pct2ResTime" : 426.0,
    "pct3ResTime" : 543.8700000000001,
    "throughput" : 3.336436219017019,
    "receivedKBytesPerSec" : 1.1484606465262694,
    "sentKBytesPerSec" : 0.8797243936861281
  },
  "11. Get Category List" : {
    "transaction" : "11. Get Category List",
    "sampleCount" : 1000,
    "errorCount" : 304,
    "errorPct" : 30.4,
    "meanResTime" : 136.982,
    "medianResTime" : 122.5,
    "minResTime" : 24.0,
    "maxResTime" : 505.0,
    "pct1ResTime" : 274.0,
    "pct2ResTime" : 286.94999999999993,
    "pct3ResTime" : 370.99,
    "throughput" : 2.807411566535654,
    "receivedKBytesPerSec" : 1.8403460134755756,
    "sentKBytesPerSec" : 0.8533516765510949
  },
  "Total" : {
    "transaction" : "Total",
    "sampleCount" : 13000,
    "errorCount" : 4589,
    "errorPct" : 35.3,
    "meanResTime" : 2502.3453076923065,
    "medianResTime" : 144.0,
    "minResTime" : 24.0,
    "maxResTime" : 60031.0,
    "pct1ResTime" : 442.0,
    "pct2ResTime" : 7261.7499999999945,
    "pct3ResTime" : 60013.0,
    "throughput" : 34.25677295928451,
    "receivedKBytesPerSec" : 263.75159816904136,
    "sentKBytesPerSec" : 11.12546088123572
  },
  "5. Create Category" : {
    "transaction" : "5. Create Category",
    "sampleCount" : 1000,
    "errorCount" : 268,
    "errorPct" : 26.8,
    "meanResTime" : 152.17600000000007,
    "medianResTime" : 130.0,
    "minResTime" : 25.0,
    "maxResTime" : 653.0,
    "pct1ResTime" : 336.79999999999995,
    "pct2ResTime" : 368.94999999999993,
    "pct3ResTime" : 400.0,
    "throughput" : 3.3340001333600053,
    "receivedKBytesPerSec" : 1.5802476901630327,
    "sentKBytesPerSec" : 1.2087671440538108
  },
  "9B. Block People" : {
    "transaction" : "9B. Block People",
    "sampleCount" : 1000,
    "errorCount" : 303,
    "errorPct" : 30.3,
    "meanResTime" : 138.23300000000006,
    "medianResTime" : 122.0,
    "minResTime" : 24.0,
    "maxResTime" : 489.0,
    "pct1ResTime" : 274.0,
    "pct2ResTime" : 289.0,
    "pct3ResTime" : 373.0,
    "throughput" : 2.8075928541146675,
    "receivedKBytesPerSec" : 1.554183602885644,
    "sentKBytesPerSec" : 1.0198087520390142
  },
  "4. Update Profile Name" : {
    "transaction" : "4. Update Profile Name",
    "sampleCount" : 1000,
    "errorCount" : 220,
    "errorPct" : 22.0,
    "meanResTime" : 122.49099999999986,
    "medianResTime" : 105.0,
    "minResTime" : 25.0,
    "maxResTime" : 508.0,
    "pct1ResTime" : 258.0,
    "pct2ResTime" : 280.0,
    "pct3ResTime" : 318.97,
    "throughput" : 3.3379062649162683,
    "receivedKBytesPerSec" : 1.5132841367673713,
    "sentKBytesPerSec" : 1.2297413863242643
  },
  "10. Update Category" : {
    "transaction" : "10. Update Category",
    "sampleCount" : 1000,
    "errorCount" : 999,
    "errorPct" : 99.9,
    "meanResTime" : 167.45000000000016,
    "medianResTime" : 149.0,
    "minResTime" : 24.0,
    "maxResTime" : 592.0,
    "pct1ResTime" : 350.0,
    "pct2ResTime" : 367.94999999999993,
    "pct3ResTime" : 424.96000000000004,
    "throughput" : 2.8074903843454337,
    "receivedKBytesPerSec" : 0.9323746850346725,
    "sentKBytesPerSec" : 1.0745751696777002
  },
  "7. Add People to Category" : {
    "transaction" : "7. Add People to Category",
    "sampleCount" : 1000,
    "errorCount" : 299,
    "errorPct" : 29.9,
    "meanResTime" : 332.1420000000001,
    "medianResTime" : 258.5,
    "minResTime" : 24.0,
    "maxResTime" : 1242.0,
    "pct1ResTime" : 733.9,
    "pct2ResTime" : 763.0,
    "pct3ResTime" : 881.96,
    "throughput" : 2.807356396701918,
    "receivedKBytesPerSec" : 1.840005534878596,
    "sentKBytesPerSec" : 1.1622537729115374
  }
}