{
  "05 - Read Call Response (Ping)" : {
    "transaction" : "05 - Read Call Response (Ping)",
    "sampleCount" : 180,
    "errorCount" : 0,
    "errorPct" : 0.0,
    "meanResTime" : 38.961111111111116,
    "medianResTime" : 0.0,
    "minResTime" : 0.0,
    "maxResTime" : 5343.0,
    "pct1ResTime" : 1.0,
    "pct2ResTime" : 1.0,
    "pct3ResTime" : 2352.4799999999914,
    "throughput" : 0.7004954059176296,
    "receivedKBytesPerSec" : 0.018470093710718748,
    "sentKBytesPerSec" : 0.0
  },
  "01 - WebSocket Connect" : {
    "transaction" : "01 - WebSocket Connect",
    "sampleCount" : 120,
    "errorCount" : 0,
    "errorPct" : 0.0,
    "meanResTime" : 152.55833333333342,
    "medianResTime" : 111.0,
    "minResTime" : 65.0,
    "maxResTime" : 635.0,
    "pct1ResTime" : 312.70000000000005,
    "pct2ResTime" : 490.2999999999996,
    "pct3ResTime" : 613.7899999999992,
    "throughput" : 4.035919685198264,
    "receivedKBytesPerSec" : 0.5084312884673595,
    "sentKBytesPerSec" : 0.6227297951770759
  },
  "Total" : {
    "transaction" : "Total",
    "sampleCount" : 4557,
    "errorCount" : 780,
    "errorPct" : 17.116524,
    "meanResTime" : 1153.5624314241832,
    "medianResTime" : 1.0,
    "minResTime" : 0.0,
    "maxResTime" : 8011.0,
    "pct1ResTime" : 8000.0,
    "pct2ResTime" : 8001.0,
    "pct3ResTime" : 8001.0,
    "throughput" : 15.00049376213832,
    "receivedKBytesPerSec" : 0.3034644100365384,
    "sentKBytesPerSec" : 0.2949392981171204
  },
  "02 - Register User" : {
    "transaction" : "02 - Register User",
    "sampleCount" : 120,
    "errorCount" : 0,
    "errorPct" : 0.0,
    "meanResTime" : 0.19166666666666674,
    "medianResTime" : 0.0,
    "minResTime" : 0.0,
    "maxResTime" : 1.0,
    "pct1ResTime" : 1.0,
    "pct2ResTime" : 1.0,
    "pct3ResTime" : 1.0,
    "throughput" : 4.053232452881173,
    "receivedKBytesPerSec" : 0.0,
    "sentKBytesPerSec" : 0.37702186634465984
  },
  "07 - Listen for Incoming Call (Ping)" : {
    "transaction" : "07 - Listen for Incoming Call (Ping)",
    "sampleCount" : 398,
    "errorCount" : 0,
    "errorPct" : 0.0,
    "meanResTime" : 1149.1482412060302,
    "medianResTime" : 0.0,
    "minResTime" : 0.0,
    "maxResTime" : 7915.0,
    "pct1ResTime" : 5494.500000000001,
    "pct2ResTime" : 6877.749999999999,
    "pct3ResTime" : 7895.08,
    "throughput" : 1.5448691325055215,
    "receivedKBytesPerSec" : 0.040733854079735426,
    "sentKBytesPerSec" : 0.0
  },
  "05 - Call Response (Busy)" : {
    "transaction" : "05 - Call Response (Busy)",
    "sampleCount" : 10,
    "errorCount" : 0,
    "errorPct" : 0.0,
    "meanResTime" : 0.09999999999999999,
    "medianResTime" : 0.0,
    "minResTime" : 0.0,
    "maxResTime" : 1.0,
    "pct1ResTime" : 0.9000000000000004,
    "pct2ResTime" : 1.0,
    "pct3ResTime" : 1.0,
    "throughput" : 0.40192926045016075,
    "receivedKBytesPerSec" : 0.021980506430868168,
    "sentKBytesPerSec" : 0.0
  },
  "05 - Call Response (Timeout)" : {
    "transaction" : "05 - Call Response (Timeout)",
    "sampleCount" : 1,
    "errorCount" : 0,
    "errorPct" : 0.0,
    "meanResTime" : 0.0,
    "medianResTime" : 0.0,
    "minResTime" : 0.0,
    "maxResTime" : 0.0,
    "pct1ResTime" : 0.0,
    "pct2ResTime" : 0.0,
    "pct3ResTime" : 0.0,
    "throughput" : "Infinity",
    "receivedKBytesPerSec" : "Infinity",
    "sentKBytesPerSec" : "NaN"
  },
  "05 - Read Call Response" : {
    "transaction" : "05 - Read Call Response",
    "sampleCount" : 602,
    "errorCount" : 0,
    "errorPct" : 0.0,
    "meanResTime" : 26.62624584717603,
    "medianResTime" : 0.0,
    "minResTime" : 0.0,
    "maxResTime" : 8001.0,
    "pct1ResTime" : 0.0,
    "pct2ResTime" : 0.8500000000000227,
    "pct3ResTime" : 1.0,
    "throughput" : 2.23264783874497,
    "receivedKBytesPerSec" : 0.13570138798746453,
    "sentKBytesPerSec" : 0.0
  },
  "03 - Random Activity Decision" : {
    "transaction" : "03 - Random Activity Decision",
    "sampleCount" : 1397,
    "errorCount" : 780,
    "errorPct" : 55.83393,
    "meanResTime" : 9.668575518969213,
    "medianResTime" : 8.0,
    "minResTime" : 4.0,
    "maxResTime" : 1154.0,
    "pct1ResTime" : 12.0,
    "pct2ResTime" : 14.0,
    "pct3ResTime" : 34.059999999999945,
    "throughput" : 4.8238284001602185,
    "receivedKBytesPerSec" : 0.0,
    "sentKBytesPerSec" : 0.0
  },
  "07 - Listen for Incoming Call" : {
    "transaction" : "07 - Listen for Incoming Call",
    "sampleCount" : 918,
    "errorCount" : 0,
    "errorPct" : 0.0,
    "meanResTime" : 5168.1786492374695,
    "medianResTime" : 8000.0,
    "minResTime" : 0.0,
    "maxResTime" : 8011.0,
    "pct1ResTime" : 8001.0,
    "pct2ResTime" : 8001.0,
    "pct3ResTime" : 8002.8099999999995,
    "throughput" : 3.161374750327157,
    "receivedKBytesPerSec" : 0.08482285066120257,
    "sentKBytesPerSec" : 0.0
  },
  "04 - Initiate Call" : {
    "transaction" : "04 - Initiate Call",
    "sampleCount" : 811,
    "errorCount" : 0,
    "errorPct" : 0.0,
    "meanResTime" : 0.19112207151664634,
    "medianResTime" : 0.0,
    "minResTime" : 0.0,
    "maxResTime" : 1.0,
    "pct1ResTime" : 1.0,
    "pct2ResTime" : 1.0,
    "pct3ResTime" : 1.0,
    "throughput" : 2.904831834951109,
    "receivedKBytesPerSec" : 0.0,
    "sentKBytesPerSec" : 0.2146275833661664
  }
}