{
  "8. Add People to Category" : {
    "transaction" : "8. Add People to Category",
    "sampleCount" : 100,
    "errorCount" : 0,
    "errorPct" : 0.0,
    "meanResTime" : 72.42000000000002,
    "medianResTime" : 70.0,
    "minResTime" : 44.0,
    "maxResTime" : 107.0,
    "pct1ResTime" : 98.0,
    "pct2ResTime" : 101.94999999999999,
    "pct3ResTime" : 106.99,
    "throughput" : 100.80645161290322,
    "receivedKBytesPerSec" : 64.58208637852823,
    "sentKBytesPerSec" : 49.303608555947584
  },
  "6. Create Category" : {
    "transaction" : "6. Create Category",
    "sampleCount" : 100,
    "errorCount" : 0,
    "errorPct" : 0.0,
    "meanResTime" : 43.89,
    "medianResTime" : 43.0,
    "minResTime" : 35.0,
    "maxResTime" : 59.0,
    "pct1ResTime" : 51.0,
    "pct2ResTime" : 53.0,
    "pct3ResTime" : 58.969999999999985,
    "throughput" : 104.9317943336831,
    "receivedKBytesPerSec" : 55.797276692025186,
    "sentKBytesPerSec" : 50.89499442549843
  },
  "2. Verify OTP" : {
    "transaction" : "2. Verify OTP",
    "sampleCount" : 100,
    "errorCount" : 0,
    "errorPct" : 0.0,
    "meanResTime" : 697.7199999999999,
    "medianResTime" : 754.5,
    "minResTime" : 113.0,
    "maxResTime" : 888.0,
    "pct1ResTime" : 840.8,
    "pct2ResTime" : 860.3499999999999,
    "pct3ResTime" : 887.89,
    "throughput" : 70.52186177715092,
    "receivedKBytesPerSec" : 36.84422932827927,
    "sentKBytesPerSec" : 22.86450987306065
  },
  "9. Mute People" : {
    "transaction" : "9. Mute People",
    "sampleCount" : 100,
    "errorCount" : 0,
    "errorPct" : 0.0,
    "meanResTime" : 43.470000000000034,
    "medianResTime" : 44.5,
    "minResTime" : 34.0,
    "maxResTime" : 54.0,
    "pct1ResTime" : 49.0,
    "pct2ResTime" : 54.0,
    "pct3ResTime" : 54.0,
    "throughput" : 100.0,
    "receivedKBytesPerSec" : 62.4990234375,
    "sentKBytesPerSec" : 44.9208984375
  },
  "3. Get Profile Data" : {
    "transaction" : "3. Get Profile Data",
    "sampleCount" : 100,
    "errorCount" : 0,
    "errorPct" : 0.0,
    "meanResTime" : 40.160000000000004,
    "medianResTime" : 40.0,
    "minResTime" : 34.0,
    "maxResTime" : 50.0,
    "pct1ResTime" : 44.900000000000006,
    "pct2ResTime" : 47.94999999999999,
    "pct3ResTime" : 49.97999999999999,
    "throughput" : 105.9322033898305,
    "receivedKBytesPerSec" : 53.48334878177966,
    "sentKBytesPerSec" : 40.24078886387712
  },
  "11. View People Details" : {
    "transaction" : "11. View People Details",
    "sampleCount" : 100,
    "errorCount" : 0,
    "errorPct" : 0.0,
    "meanResTime" : 51.06999999999999,
    "medianResTime" : 41.0,
    "minResTime" : 34.0,
    "maxResTime" : 134.0,
    "pct1ResTime" : 90.40000000000003,
    "pct2ResTime" : 124.2499999999996,
    "pct3ResTime" : 133.98,
    "throughput" : 90.74410163339383,
    "receivedKBytesPerSec" : 44.91744413566243,
    "sentKBytesPerSec" : 34.91432480716878
  },
  "7. Update Category" : {
    "transaction" : "7. Update Category",
    "sampleCount" : 100,
    "errorCount" : 0,
    "errorPct" : 0.0,
    "meanResTime" : 46.830000000000005,
    "medianResTime" : 46.0,
    "minResTime" : 38.0,
    "maxResTime" : 63.0,
    "pct1ResTime" : 54.0,
    "pct2ResTime" : 58.849999999999966,
    "pct3ResTime" : 62.989999999999995,
    "throughput" : 103.62694300518135,
    "receivedKBytesPerSec" : 60.544851036269435,
    "sentKBytesPerSec" : 53.07237694300518
  },
  "1. Send OTP" : {
    "transaction" : "1. Send OTP",
    "sampleCount" : 100,
    "errorCount" : 0,
    "errorPct" : 0.0,
    "meanResTime" : 2912.6900000000005,
    "medianResTime" : 2919.0,
    "minResTime" : 2370.0,
    "maxResTime" : 3033.0,
    "pct1ResTime" : 2995.0,
    "pct2ResTime" : 3008.95,
    "pct3ResTime" : 3032.86,
    "throughput" : 32.87310979618672,
    "receivedKBytesPerSec" : 11.65326060157791,
    "sentKBytesPerSec" : 9.983922994740302
  },
  "Total" : {
    "transaction" : "Total",
    "sampleCount" : 1300,
    "errorCount" : 0,
    "errorPct" : 0.0,
    "meanResTime" : 319.33999999999975,
    "medianResTime" : 43.0,
    "minResTime" : 31.0,
    "maxResTime" : 3033.0,
    "pct1ResTime" : 804.7000000000003,
    "pct2ResTime" : 2902.95,
    "pct3ResTime" : 2987.99,
    "throughput" : 27.950377330093957,
    "receivedKBytesPerSec" : 14.749682030863665,
    "sentKBytesPerSec" : 11.58323938154415
  },
  "14. Get Category List" : {
    "transaction" : "14. Get Category List",
    "sampleCount" : 100,
    "errorCount" : 0,
    "errorPct" : 0.0,
    "meanResTime" : 77.97000000000004,
    "medianResTime" : 59.0,
    "minResTime" : 31.0,
    "maxResTime" : 167.0,
    "pct1ResTime" : 152.0,
    "pct2ResTime" : 166.24999999999983,
    "pct3ResTime" : 167.0,
    "throughput" : 89.36550491510278,
    "receivedKBytesPerSec" : 61.813177222966935,
    "sentKBytesPerSec" : 33.249378630473636
  },
  "4. Update Profile Name" : {
    "transaction" : "4. Update Profile Name",
    "sampleCount" : 100,
    "errorCount" : 0,
    "errorPct" : 0.0,
    "meanResTime" : 42.82999999999999,
    "medianResTime" : 42.0,
    "minResTime" : 35.0,
    "maxResTime" : 58.0,
    "pct1ResTime" : 50.0,
    "pct2ResTime" : 54.94999999999999,
    "pct3ResTime" : 58.0,
    "throughput" : 104.9317943336831,
    "receivedKBytesPerSec" : 52.15028200419727,
    "sentKBytesPerSec" : 45.59102013378804
  },
  "13. Get Incoming Call History" : {
    "transaction" : "13. Get Incoming Call History",
    "sampleCount" : 100,
    "errorCount" : 0,
    "errorPct" : 0.0,
    "meanResTime" : 38.49999999999999,
    "medianResTime" : 38.0,
    "minResTime" : 34.0,
    "maxResTime" : 46.0,
    "pct1ResTime" : 42.0,
    "pct2ResTime" : 42.0,
    "pct3ResTime" : 45.97999999999999,
    "throughput" : 89.36550491510278,
    "receivedKBytesPerSec" : 33.51206434316354,
    "sentKBytesPerSec" : 34.38390164209115
  },
  "12. Remove People from Category" : {
    "transaction" : "12. Remove People from Category",
    "sampleCount" : 100,
    "errorCount" : 0,
    "errorPct" : 0.0,
    "meanResTime" : 37.57999999999999,
    "medianResTime" : 37.0,
    "minResTime" : 32.0,
    "maxResTime" : 43.0,
    "pct1ResTime" : 42.0,
    "pct2ResTime" : 43.0,
    "pct3ResTime" : 43.0,
    "throughput" : 90.49773755656108,
    "receivedKBytesPerSec" : 33.40639140271493,
    "sentKBytesPerSec" : 39.76862980769231
  },
  "10. Block People" : {
    "transaction" : "10. Block People",
    "sampleCount" : 100,
    "errorCount" : 0,
    "errorPct" : 0.0,
    "meanResTime" : 46.289999999999985,
    "medianResTime" : 40.0,
    "minResTime" : 34.0,
    "maxResTime" : 167.0,
    "pct1ResTime" : 49.0,
    "pct2ResTime" : 118.19999999999982,
    "pct3ResTime" : 166.96999999999997,
    "throughput" : 99.9000999000999,
    "receivedKBytesPerSec" : 66.82672795954046,
    "sentKBytesPerSec" : 42.827289897602405
  }
}