{
  "Get Categories" : {
    "transaction" : "Get Categories",
    "sampleCount" : 10,
    "errorCount" : 0,
    "errorPct" : 0.0,
    "meanResTime" : 232.0,
    "medianResTime" : 237.0,
    "minResTime" : 163.0,
    "maxResTime" : 284.0,
    "pct1ResTime" : 283.6,
    "pct2ResTime" : 284.0,
    "pct3ResTime" : 284.0,
    "throughput" : 0.3938713616132971,
    "receivedKBytesPerSec" : 0.25843961705856866,
    "sentKBytesPerSec" : 0.12943136053015086
  },
  "Create Category" : {
    "transaction" : "Create Category",
    "sampleCount" : 10,
    "errorCount" : 10,
    "errorPct" : 100.0,
    "meanResTime" : 600225.1,
    "medianResTime" : 600249.0,
    "minResTime" : 600032.0,
    "maxResTime" : 600389.0,
    "pct1ResTime" : 600379.7,
    "pct2ResTime" : 600389.0,
    "pct3ResTime" : 600389.0,
    "throughput" : 0.016017606553123193,
    "receivedKBytesPerSec" : 0.004927291078353326,
    "sentKBytesPerSec" : 0.0076427759393124925
  },
  "Total" : {
    "transaction" : "Total",
    "sampleCount" : 70,
    "errorCount" : 10,
    "errorPct" : 14.285714,
    "meanResTime" : 86048.78571428572,
    "medianResTime" : 286.0,
    "minResTime" : 43.0,
    "maxResTime" : 600389.0,
    "pct1ResTime" : 600190.9,
    "pct2ResTime" : 600271.0,
    "pct3ResTime" : 600389.0,
    "throughput" : 0.10991754613789,
    "receivedKBytesPerSec" : 0.11282803026972195,
    "sentKBytesPerSec" : 0.03928386854018507
  },
  "Verify OTP and Get JWT" : {
    "transaction" : "Verify OTP and Get JWT",
    "sampleCount" : 10,
    "errorCount" : 0,
    "errorPct" : 0.0,
    "meanResTime" : 245.39999999999998,
    "medianResTime" : 219.0,
    "minResTime" : 43.0,
    "maxResTime" : 572.0,
    "pct1ResTime" : 556.1,
    "pct2ResTime" : 572.0,
    "pct3ResTime" : 572.0,
    "throughput" : 0.3986446083316723,
    "receivedKBytesPerSec" : 0.20691368098465218,
    "sentKBytesPerSec" : 0.11328670021925454
  },
  "Get Countries" : {
    "transaction" : "Get Countries",
    "sampleCount" : 10,
    "errorCount" : 0,
    "errorPct" : 0.0,
    "meanResTime" : 193.5,
    "medianResTime" : 149.0,
    "minResTime" : 54.0,
    "maxResTime" : 474.0,
    "pct1ResTime" : 470.8,
    "pct2ResTime" : 474.0,
    "pct3ResTime" : 474.0,
    "throughput" : 0.40844667728628026,
    "receivedKBytesPerSec" : 1.732707388800392,
    "sentKBytesPerSec" : 0.13461987654699178
  },
  "Update Customer Profile" : {
    "transaction" : "Update Customer Profile",
    "sampleCount" : 10,
    "errorCount" : 0,
    "errorPct" : 0.0,
    "meanResTime" : 300.4,
    "medianResTime" : 321.0,
    "minResTime" : 45.0,
    "maxResTime" : 474.0,
    "pct1ResTime" : 471.3,
    "pct2ResTime" : 474.0,
    "pct3ResTime" : 474.0,
    "throughput" : 0.39885130823229104,
    "receivedKBytesPerSec" : 0.21773230595883855,
    "sentKBytesPerSec" : 0.1922977449944161
  },
  "Get Customer Profile" : {
    "transaction" : "Get Customer Profile",
    "sampleCount" : 10,
    "errorCount" : 0,
    "errorPct" : 0.0,
    "meanResTime" : 258.3,
    "medianResTime" : 248.0,
    "minResTime" : 78.0,
    "maxResTime" : 460.0,
    "pct1ResTime" : 458.8,
    "pct2ResTime" : 460.0,
    "pct3ResTime" : 460.0,
    "throughput" : 0.40314452731304173,
    "receivedKBytesPerSec" : 0.2257451874622052,
    "sentKBytesPerSec" : 0.13562821255795202
  },
  "Send OTP" : {
    "transaction" : "Send OTP",
    "sampleCount" : 10,
    "errorCount" : 0,
    "errorPct" : 0.0,
    "meanResTime" : 886.8,
    "medianResTime" : 829.5,
    "minResTime" : 126.0,
    "maxResTime" : 2004.0,
    "pct1ResTime" : 1923.3000000000002,
    "pct2ResTime" : 2004.0,
    "pct3ResTime" : 2004.0,
    "throughput" : 0.36762002793912213,
    "receivedKBytesPerSec" : 0.1303184278729505,
    "sentKBytesPerSec" : 0.0969310620542607
  }
}