{
  "06 - Call Accepted" : {
    "transaction" : "06 - Call Accepted",
    "sampleCount" : 289,
    "errorCount" : 0,
    "errorPct" : 0.0,
    "meanResTime" : 0.21453287197231824,
    "medianResTime" : 0.0,
    "minResTime" : 0.0,
    "maxResTime" : 1.0,
    "pct1ResTime" : 1.0,
    "pct2ResTime" : 1.0,
    "pct3ResTime" : 1.0,
    "throughput" : 1.160922310596931,
    "receivedKBytesPerSec" : 0.0,
    "sentKBytesPerSec" : 0.08389477635173134
  },
  "05 - Call Received" : {
    "transaction" : "05 - Call Received",
    "sampleCount" : 837,
    "errorCount" : 0,
    "errorPct" : 0.0,
    "meanResTime" : 1494.808841099163,
    "medianResTime" : 0.0,
    "minResTime" : 0.0,
    "maxResTime" : 6015.0,
    "pct1ResTime" : 6001.0,
    "pct2ResTime" : 6001.0,
    "pct3ResTime" : 6001.0,
    "throughput" : 2.8583917875023053,
    "receivedKBytesPerSec" : 0.16167765208044477,
    "sentKBytesPerSec" : 0.0
  },
  "01 - Connect" : {
    "transaction" : "01 - Connect",
    "sampleCount" : 120,
    "errorCount" : 0,
    "errorPct" : 0.0,
    "meanResTime" : 104.48333333333336,
    "medianResTime" : 54.0,
    "minResTime" : 50.0,
    "maxResTime" : 1302.0,
    "pct1ResTime" : 193.70000000000013,
    "pct2ResTime" : 286.5999999999997,
    "pct3ResTime" : 1261.4699999999984,
    "throughput" : 4.014452027298274,
    "receivedKBytesPerSec" : 0.5057268667201927,
    "sentKBytesPerSec" : 0.6194174026495384
  },
  "08 - Call Rejected" : {
    "transaction" : "08 - Call Rejected",
    "sampleCount" : 79,
    "errorCount" : 0,
    "errorPct" : 0.0,
    "meanResTime" : 0.2278481012658228,
    "medianResTime" : 0.0,
    "minResTime" : 0.0,
    "maxResTime" : 1.0,
    "pct1ResTime" : 1.0,
    "pct2ResTime" : 1.0,
    "pct3ResTime" : 1.0,
    "throughput" : 0.3124394401401627,
    "receivedKBytesPerSec" : 0.0,
    "sentKBytesPerSec" : 0.022578631416378947
  },
  "Random Activity Decision" : {
    "transaction" : "Random Activity Decision",
    "sampleCount" : 1131,
    "errorCount" : 0,
    "errorPct" : 0.0,
    "meanResTime" : 11.80990274093725,
    "medianResTime" : 7.0,
    "minResTime" : 3.0,
    "maxResTime" : 1586.0,
    "pct1ResTime" : 11.0,
    "pct2ResTime" : 16.0,
    "pct3ResTime" : 38.680000000000064,
    "throughput" : 3.8634042364225762,
    "receivedKBytesPerSec" : 0.0,
    "sentKBytesPerSec" : 0.0
  },
  "05 - Call Received (Ping Handled)" : {
    "transaction" : "05 - Call Received (Ping Handled)",
    "sampleCount" : 237,
    "errorCount" : 0,
    "errorPct" : 0.0,
    "meanResTime" : 289.9113924050633,
    "medianResTime" : 0.0,
    "minResTime" : 0.0,
    "maxResTime" : 5989.0,
    "pct1ResTime" : 40.20000000000334,
    "pct2ResTime" : 3091.4,
    "pct3ResTime" : 5725.840000000002,
    "throughput" : 0.8365010959223219,
    "receivedKBytesPerSec" : 0.031042032856492416,
    "sentKBytesPerSec" : 0.0
  },
  "03 - Call Initiated" : {
    "transaction" : "03 - Call Initiated",
    "sampleCount" : 652,
    "errorCount" : 0,
    "errorPct" : 0.0,
    "meanResTime" : 0.21932515337423317,
    "medianResTime" : 0.0,
    "minResTime" : 0.0,
    "maxResTime" : 6.0,
    "pct1ResTime" : 1.0,
    "pct2ResTime" : 1.0,
    "pct3ResTime" : 1.0,
    "throughput" : 2.3010492361010626,
    "receivedKBytesPerSec" : 0.0,
    "sentKBytesPerSec" : 0.11909727491538703
  },
  "Caller - Read Response (Timeout)" : {
    "transaction" : "Caller - Read Response (Timeout)",
    "sampleCount" : 32,
    "errorCount" : 0,
    "errorPct" : 0.0,
    "meanResTime" : 78.68749999999997,
    "medianResTime" : 0.0,
    "minResTime" : 0.0,
    "maxResTime" : 2518.0,
    "pct1ResTime" : 0.0,
    "pct2ResTime" : 881.2999999999946,
    "pct3ResTime" : 2518.0,
    "throughput" : 0.13132676973082116,
    "receivedKBytesPerSec" : 0.008464420705306832,
    "sentKBytesPerSec" : 0.0
  },
  "02 - Register" : {
    "transaction" : "02 - Register",
    "sampleCount" : 120,
    "errorCount" : 0,
    "errorPct" : 0.0,
    "meanResTime" : 0.31666666666666676,
    "medianResTime" : 0.0,
    "minResTime" : 0.0,
    "maxResTime" : 2.0,
    "pct1ResTime" : 1.0,
    "pct2ResTime" : 1.0,
    "pct3ResTime" : 1.789999999999992,
    "throughput" : 4.198299688626107,
    "receivedKBytesPerSec" : 0.0,
    "sentKBytesPerSec" : 0.1639960815869573
  },
  "Total" : {
    "transaction" : "Total",
    "sampleCount" : 4813,
    "errorCount" : 0,
    "errorPct" : 0.0,
    "meanResTime" : 322.24683149802667,
    "medianResTime" : 0.0,
    "minResTime" : 0.0,
    "maxResTime" : 6016.0,
    "pct1ResTime" : 14.0,
    "pct2ResTime" : 5478.000000000031,
    "pct3ResTime" : 6001.0,
    "throughput" : 15.787315697111836,
    "receivedKBytesPerSec" : 0.3751148049136503,
    "sentKBytesPerSec" : 0.3314991881652535
  },
  "Caller - Read Response" : {
    "transaction" : "Caller - Read Response",
    "sampleCount" : 245,
    "errorCount" : 0,
    "errorPct" : 0.0,
    "meanResTime" : 757.7102040816325,
    "medianResTime" : 0.0,
    "minResTime" : 0.0,
    "maxResTime" : 6016.0,
    "pct1ResTime" : 6000.0,
    "pct2ResTime" : 6000.7,
    "pct3ResTime" : 6001.0,
    "throughput" : 0.8874142920788314,
    "receivedKBytesPerSec" : 0.08473377458047036,
    "sentKBytesPerSec" : 0.0
  },
  "Caller - Read Response (User Busy)" : {
    "transaction" : "Caller - Read Response (User Busy)",
    "sampleCount" : 117,
    "errorCount" : 0,
    "errorPct" : 0.0,
    "meanResTime" : 0.042735042735042736,
    "medianResTime" : 0.0,
    "minResTime" : 0.0,
    "maxResTime" : 1.0,
    "pct1ResTime" : 0.0,
    "pct2ResTime" : 0.09999999999999432,
    "pct3ResTime" : 1.0,
    "throughput" : 0.46643278583957903,
    "receivedKBytesPerSec" : 0.025508042975601976,
    "sentKBytesPerSec" : 0.0
  },
  "09 - Timeout (No Response)" : {
    "transaction" : "09 - Timeout (No Response)",
    "sampleCount" : 28,
    "errorCount" : 0,
    "errorPct" : 0.0,
    "meanResTime" : 6.5,
    "medianResTime" : 6.0,
    "minResTime" : 4.0,
    "maxResTime" : 12.0,
    "pct1ResTime" : 8.200000000000003,
    "pct2ResTime" : 11.099999999999994,
    "pct3ResTime" : 12.0,
    "throughput" : 0.12965964343598058,
    "receivedKBytesPerSec" : 0.005191450567260941,
    "sentKBytesPerSec" : 0.0
  },
  "07 - Call Ended by Receiver" : {
    "transaction" : "07 - Call Ended by Receiver",
    "sampleCount" : 276,
    "errorCount" : 0,
    "errorPct" : 0.0,
    "meanResTime" : 0.1847826086956522,
    "medianResTime" : 0.0,
    "minResTime" : 0.0,
    "maxResTime" : 1.0,
    "pct1ResTime" : 1.0,
    "pct2ResTime" : 1.0,
    "pct3ResTime" : 1.0,
    "throughput" : 1.1613522179302682,
    "receivedKBytesPerSec" : 0.0,
    "sentKBytesPerSec" : 0.07371864664596431
  },
  "Caller - Read Response (Ping Handled)" : {
    "transaction" : "Caller - Read Response (Ping Handled)",
    "sampleCount" : 139,
    "errorCount" : 0,
    "errorPct" : 0.0,
    "meanResTime" : 95.07194244604318,
    "medianResTime" : 0.0,
    "minResTime" : 0.0,
    "maxResTime" : 4402.0,
    "pct1ResTime" : 1.0,
    "pct2ResTime" : 1.0,
    "pct3ResTime" : 4324.399999999999,
    "throughput" : 0.5252338991248621,
    "receivedKBytesPerSec" : 0.01949110172533668,
    "sentKBytesPerSec" : 0.0
  },
  "Process Call Decision" : {
    "transaction" : "Process Call Decision",
    "sampleCount" : 414,
    "errorCount" : 0,
    "errorPct" : 0.0,
    "meanResTime" : 8.070048309178738,
    "medianResTime" : 7.0,
    "minResTime" : 4.0,
    "maxResTime" : 33.0,
    "pct1ResTime" : 11.0,
    "pct2ResTime" : 14.25,
    "pct3ResTime" : 22.850000000000023,
    "throughput" : 1.5988259828531708,
    "receivedKBytesPerSec" : 0.0,
    "sentKBytesPerSec" : 0.0
  },
  "Caller - Read Response (Target Unavailable)" : {
    "transaction" : "Caller - Read Response (Target Unavailable)",
    "sampleCount" : 97,
    "errorCount" : 0,
    "errorPct" : 0.0,
    "meanResTime" : 0.030927835051546393,
    "medianResTime" : 0.0,
    "minResTime" : 0.0,
    "maxResTime" : 1.0,
    "pct1ResTime" : 0.0,
    "pct2ResTime" : 0.0,
    "pct3ResTime" : 1.0,