{
  "3. Get Customer Profile" : {
    "transaction" : "3. Get Customer Profile",
    "sampleCount" : 100,
    "errorCount" : 0,
    "errorPct" : 0.0,
    "meanResTime" : 41.080000000000005,
    "medianResTime" : 37.0,
    "minResTime" : 33.0,
    "maxResTime" : 236.0,
    "pct1ResTime" : 46.0,
    "pct2ResTime" : 56.64999999999992,
    "pct3ResTime" : 234.6299999999993,
    "throughput" : 1.7071255420123597,
    "receivedKBytesPerSec" : 0.864232305643757,
    "sentKBytesPerSec" : 0.5751546015568985
  },
  "8. Get Category People" : {
    "transaction" : "8. Get Category People",
    "sampleCount" : 100,
    "errorCount" : 0,
    "errorPct" : 0.0,
    "meanResTime" : 43.339999999999996,
    "medianResTime" : 38.0,
    "minResTime" : 33.0,
    "maxResTime" : 203.0,
    "pct1ResTime" : 45.900000000000006,
    "pct2ResTime" : 53.89999999999998,
    "pct3ResTime" : 202.86999999999995,
    "throughput" : 1.714324898854831,
    "receivedKBytesPerSec" : 0.8303761228828087,
    "sentKBytesPerSec" : 0.5842767477542343
  },
  "12. Get Incoming Call History" : {
    "transaction" : "12. Get Incoming Call History",
    "sampleCount" : 100,
    "errorCount" : 0,
    "errorPct" : 0.0,
    "meanResTime" : 39.06,
    "medianResTime" : 36.5,
    "minResTime" : 31.0,
    "maxResTime" : 104.0,
    "pct1ResTime" : 46.70000000000002,
    "pct2ResTime" : 51.849999999999966,
    "pct3ResTime" : 103.81999999999991,
    "throughput" : 1.7169150470434722,
    "receivedKBytesPerSec" : 0.6735538209944372,
    "sentKBytesPerSec" : 0.5868361977199368
  },
  "6. Get Buzz Installed Contacts" : {
    "transaction" : "6. Get Buzz Installed Contacts",
    "sampleCount" : 100,
    "errorCount" : 0,
    "errorPct" : 0.0,
    "meanResTime" : 483.9300000000002,
    "medianResTime" : 469.5,
    "minResTime" : 410.0,
    "maxResTime" : 779.0,
    "pct1ResTime" : 541.3000000000001,
    "pct2ResTime" : 645.7999999999997,
    "pct3ResTime" : 778.2599999999996,
    "throughput" : 1.6938243165418883,
    "receivedKBytesPerSec" : 220.34411364290796,
    "sentKBytesPerSec" : 0.5822521088112741
  },
  "9A. Mute People" : {
    "transaction" : "9A. Mute People",
    "sampleCount" : 100,
    "errorCount" : 0,
    "errorPct" : 0.0,
    "meanResTime" : 40.25000000000001,
    "medianResTime" : 38.0,
    "minResTime" : 34.0,
    "maxResTime" : 124.0,
    "pct1ResTime" : 45.0,
    "pct2ResTime" : 52.799999999999955,
    "pct3ResTime" : 123.6199999999998,
    "throughput" : 1.714560043892737,
    "receivedKBytesPerSec" : 1.0649025272615047,
    "sentKBytesPerSec" : 0.6965400178314245
  },
  "2. Verify OTP and Get JWT" : {
    "transaction" : "2. Verify OTP and Get JWT",
    "sampleCount" : 100,
    "errorCount" : 0,
    "errorPct" : 0.0,
    "meanResTime" : 47.24999999999999,
    "medianResTime" : 40.0,
    "minResTime" : 35.0,
    "maxResTime" : 229.0,
    "pct1ResTime" : 47.80000000000001,
    "pct2ResTime" : 106.74999999999949,
    "pct3ResTime" : 228.5999999999998,
    "throughput" : 1.7084379751593117,
    "receivedKBytesPerSec" : 0.8875869167819862,
    "sentKBytesPerSec" : 0.48550336989390597
  },
  "1. Send OTP" : {
    "transaction" : "1. Send OTP",
    "sampleCount" : 100,
    "errorCount" : 0,
    "errorPct" : 0.0,
    "meanResTime" : 129.43999999999994,
    "medianResTime" : 105.0,
    "minResTime" : 93.0,
    "maxResTime" : 635.0,
    "pct1ResTime" : 135.9,
    "pct2ResTime" : 342.0999999999998,
    "pct3ResTime" : 634.1999999999996,
    "throughput" : 1.689817161783095,
    "receivedKBytesPerSec" : 0.5990269821555309,
    "sentKBytesPerSec" : 0.44555725945452707
  },
  "11. Get Category List" : {
    "transaction" : "11. Get Category List",
    "sampleCount" : 100,
    "errorCount" : 0,
    "errorPct" : 0.0,
    "meanResTime" : 42.16,
    "medianResTime" : 37.0,
    "minResTime" : 32.0,
    "maxResTime" : 279.0,
    "pct1ResTime" : 43.0,
    "pct2ResTime" : 46.94999999999999,
    "pct3ResTime" : 278.10999999999956,
    "throughput" : 1.717150903221375,
    "receivedKBytesPerSec" : 1.1969749167181813,
    "sentKBytesPerSec" : 0.5651170452984409
  },
  "Total" : {
    "transaction" : "Total",
    "sampleCount" : 1300,
    "errorCount" : 0,
    "errorPct" : 0.0,
    "meanResTime" : 84.18538461538465,
    "medianResTime" : 39.5,
    "minResTime" : 31.0,
    "maxResTime" : 779.0,
    "pct1ResTime" : 135.9000000000001,
    "pct2ResTime" : 459.95000000000005,
    "pct3ResTime" : 534.9200000000001,
    "throughput" : 16.586075351816177,
    "receivedKBytesPerSec" : 174.26936543908442,
    "sentKBytesPerSec" : 5.939439693667946
  },
  "5. Create Category" : {
    "transaction" : "5. Create Category",
    "sampleCount" : 100,
    "errorCount" : 0,
    "errorPct" : 0.0,
    "meanResTime" : 43.87000000000001,
    "medianResTime" : 39.0,
    "minResTime" : 35.0,
    "maxResTime" : 236.0,
    "pct1ResTime" : 44.0,
    "pct2ResTime" : 50.94999999999999,
    "pct3ResTime" : 235.2199999999996,
    "throughput" : 1.7071838295547663,
    "receivedKBytesPerSec" : 0.9169444397022671,
    "sentKBytesPerSec" : 0.6618671682941819
  },
  "9B. Block People" : {
    "transaction" : "9B. Block People",
    "sampleCount" : 100,
    "errorCount" : 0,
    "errorPct" : 0.0,
    "meanResTime" : 41.18999999999999,
    "medianResTime" : 38.0,
    "minResTime" : 33.0,
    "maxResTime" : 115.0,
    "pct1ResTime" : 46.0,
    "pct2ResTime" : 51.94999999999999,
    "pct3ResTime" : 115.0,
    "throughput" : 1.71505994134495,
    "receivedKBytesPerSec" : 1.1405818555233505,
    "sentKBytesPerSec" : 0.6615709734680227
  },
  "4. Update Profile Name" : {
    "transaction" : "4. Update Profile Name",
    "sampleCount" : 100,
    "errorCount" : 0,
    "errorPct" : 0.0,
    "meanResTime" : 43.05000000000001,
    "medianResTime" : 39.0,
    "minResTime" : 33.0,
    "maxResTime" : 204.0,
    "pct1ResTime" : 44.900000000000006,
    "pct2ResTime" : 56.74999999999994,
    "pct3ResTime" : 203.34999999999968,
    "throughput" : 1.707008978867229,
    "receivedKBytesPerSec" : 0.8518374884776894,
    "sentKBytesPerSec" : 0.6718013852377863
  },
  "10. Update Category" : {
    "transaction" : "10. Update Category",
    "sampleCount" : 100,
    "errorCount" : 0,
    "errorPct" : 0.0,
    "meanResTime" : 47.5,
    "medianResTime" : 39.0,
    "minResTime" : 35.0,
    "maxResTime" : 312.0,
    "pct1ResTime" : 49.80000000000001,
    "pct2ResTime" : 112.0999999999998,
    "pct3ResTime" : 310.91999999999945,
    "throughput" : 1.7170034855170757,
    "receivedKBytesPerSec" : 1.0127637746604625,
    "sentKBytesPerSec" : 0.6958559047749867
  },
  "7. Add People to Category" : {
    "transaction" : "7. Add People to Category",
    "sampleCount" : 100,
    "errorCount" : 0,
    "errorPct" : 0.0,
    "meanResTime" : 52.289999999999985,
    "medianResTime" : 45.0,
    "minResTime" : 39.0,
    "maxResTime" : 298.0,
    "pct1ResTime" : 51.900000000000006,
    "pct2ResTime" : 61.0,
    "pct3ResTime" : 297.2999999999996,
    "throughput" : 1.7133556069562237,
    "receivedKBytesPerSec" : 1.0925988392015762,
    "sentKBytesPerSec" : 0.7479198792084297
  }
}