{
  "8. Add People to Category" : {
    "transaction" : "8. Add People to Category",
    "sampleCount" : 100,
    "errorCount" : 0,
    "errorPct" : 0.0,
    "meanResTime" : 568.6199999999997,
    "medianResTime" : 617.0,
    "minResTime" : 359.0,
    "maxResTime" : 637.0,
    "pct1ResTime" : 625.7,
    "pct2ResTime" : 631.95,
    "pct3ResTime" : 637.0,
    "throughput" : 55.95970900951315,
    "receivedKBytesPerSec" : 33.692225972299944,
    "sentKBytesPerSec" : 25.297723139339677
  },
  "6. Create Category" : {
    "transaction" : "6. Create Category",
    "sampleCount" : 100,
    "errorCount" : 0,
    "errorPct" : 0.0,
    "meanResTime" : 374.4799999999999,
    "medianResTime" : 421.0,
    "minResTime" : 171.0,
    "maxResTime" : 486.0,
    "pct1ResTime" : 474.0,
    "pct2ResTime" : 482.0,
    "pct3ResTime" : 486.0,
    "throughput" : 83.47245409015025,
    "receivedKBytesPerSec" : 41.20800292153589,
    "sentKBytesPerSec" : 37.47130634390651
  },
  "2. Verify OTP" : {
    "transaction" : "2. Verify OTP",
    "sampleCount" : 100,
    "errorCount" : 0,
    "errorPct" : 0.0,
    "meanResTime" : 277.41000000000014,
    "medianResTime" : 288.0,
    "minResTime" : 93.0,
    "maxResTime" : 355.0,
    "pct1ResTime" : 329.5,
    "pct2ResTime" : 339.95,
    "pct3ResTime" : 354.99,
    "throughput" : 256.4102564102564,
    "receivedKBytesPerSec" : 124.44911858974359,
    "sentKBytesPerSec" : 74.11858974358974
  },
  "9. Mute People" : {
    "transaction" : "9. Mute People",
    "sampleCount" : 100,
    "errorCount" : 0,
    "errorPct" : 0.0,
    "meanResTime" : 279.7600000000001,
    "medianResTime" : 334.0,
    "minResTime" : 116.0,
    "maxResTime" : 380.0,
    "pct1ResTime" : 373.0,
    "pct2ResTime" : 377.0,
    "pct3ResTime" : 380.0,
    "throughput" : 62.22775357809583,
    "receivedKBytesPerSec" : 36.52234365276914,
    "sentKBytesPerSec" : 25.705409925326695
  },
  "3. Get Profile Data" : {
    "transaction" : "3. Get Profile Data",
    "sampleCount" : 100,
    "errorCount" : 0,
    "errorPct" : 0.0,
    "meanResTime" : 218.8600000000001,
    "medianResTime" : 252.0,
    "minResTime" : 37.0,
    "maxResTime" : 262.0,
    "pct1ResTime" : 257.9,
    "pct2ResTime" : 261.0,
    "pct3ResTime" : 262.0,
    "throughput" : 179.53321364452424,
    "receivedKBytesPerSec" : 84.15619389587073,
    "sentKBytesPerSec" : 61.7145421903052
  },
  "Get Category People (for Contact Details)" : {
    "transaction" : "Get Category People (for Contact Details)",
    "sampleCount" : 100,
    "errorCount" : 0,
    "errorPct" : 0.0,
    "meanResTime" : 307.89999999999986,
    "medianResTime" : 360.5,
    "minResTime" : 164.0,
    "maxResTime" : 389.0,
    "pct1ResTime" : 388.40000000000003,
    "pct2ResTime" : 389.0,
    "pct3ResTime" : 389.0,
    "throughput" : 50.607287449392715,
    "receivedKBytesPerSec" : 23.224000506072876,
    "sentKBytesPerSec" : 17.593939777327936
  },
  "11. View People Details" : {
    "transaction" : "11. View People Details",
    "sampleCount" : 100,
    "errorCount" : 100,
    "errorPct" : 100.0,
    "meanResTime" : 327.37,
    "medianResTime" : 396.0,
    "minResTime" : 164.0,
    "maxResTime" : 413.0,
    "pct1ResTime" : 405.8,
    "pct2ResTime" : 411.0,
    "pct3ResTime" : 412.99,
    "throughput" : 45.80852038479157,
    "receivedKBytesPerSec" : 14.628306802565278,
    "sentKBytesPerSec" : 15.925618415025196
  },
  "7. Update Category" : {
    "transaction" : "7. Update Category",
    "sampleCount" : 100,
    "errorCount" : 0,
    "errorPct" : 0.0,
    "meanResTime" : 353.4499999999999,
    "medianResTime" : 398.0,
    "minResTime" : 161.0,
    "maxResTime" : 449.0,
    "pct1ResTime" : 439.9,
    "pct2ResTime" : 441.0,
    "pct3ResTime" : 448.95,
    "throughput" : 72.25433526011561,
    "receivedKBytesPerSec" : 39.46399137463873,
    "sentKBytesPerSec" : 34.32433729226879
  },
  "1. Send OTP" : {
    "transaction" : "1. Send OTP",
    "sampleCount" : 100,
    "errorCount" : 0,
    "errorPct" : 0.0,
    "meanResTime" : 686.6600000000002,
    "medianResTime" : 699.0,
    "minResTime" : 617.0,
    "maxResTime" : 730.0,
    "pct1ResTime" : 722.0,
    "pct2ResTime" : 724.95,
    "pct3ResTime" : 730.0,
    "throughput" : 136.79890560875512,
    "receivedKBytesPerSec" : 43.55121409028728,
    "sentKBytesPerSec" : 36.737987346101235
  },
  "Total" : {
    "transaction" : "Total",
    "sampleCount" : 1500,
    "errorCount" : 200,
    "errorPct" : 13.333333,
    "meanResTime" : 2300.8473333333354,
    "medianResTime" : 289.0,
    "minResTime" : 36.0,
    "maxResTime" : 30024.0,
    "pct1ResTime" : 700.6000000000004,
    "pct2ResTime" : 30004.0,
    "pct3ResTime" : 30007.0,
    "throughput" : 17.786842479723,
    "receivedKBytesPerSec" : 11.076790894174216,
    "sentKBytesPerSec" : 6.241572093778163
  },
  "14. Get Category List" : {
    "transaction" : "14. Get Category List",
    "sampleCount" : 100,
    "errorCount" : 0,
    "errorPct" : 0.0,
    "meanResTime" : 217.42999999999992,
    "medianResTime" : 246.5,
    "minResTime" : 105.0,
    "maxResTime" : 539.0,
    "pct1ResTime" : 255.0,
    "pct2ResTime" : 255.0,
    "pct3ResTime" : 536.1699999999985,
    "throughput" : 44.523597506678534,
    "receivedKBytesPerSec" : 29.057299782947464,
    "sentKBytesPerSec" : 14.957146037399822
  },
  "4. Update Profile Name" : {
    "transaction" : "4. Update Profile Name",
    "sampleCount" : 100,
    "errorCount" : 0,
    "errorPct" : 0.0,
    "meanResTime" : 208.54000000000002,
    "medianResTime" : 267.0,
    "minResTime" : 36.0,
    "maxResTime" : 285.0,
    "pct1ResTime" : 276.0,
    "pct2ResTime" : 283.0,
    "pct3ResTime" : 284.99,
    "throughput" : 127.7139208173691,
    "receivedKBytesPerSec" : 58.858157726692205,
    "sentKBytesPerSec" : 50.87603767560664
  },
  "13. Get Incoming Call History" : {
    "transaction" : "13. Get Incoming Call History",
    "sampleCount" : 100,
    "errorCount" : 0,
    "errorPct" : 0.0,
    "meanResTime" : 238.39999999999992,
    "medianResTime" : 264.0,
    "minResTime" : 102.0,
    "maxResTime" : 376.0,
    "pct1ResTime" : 300.0,
    "pct2ResTime" : 314.0,
    "pct3ResTime" : 375.6899999999998,
    "throughput" : 42.034468263976464,
    "receivedKBytesPerSec" : 14.244102038671711,
    "sentKBytesPerSec" : 14.654594892812106
  },
  "5. Buzz Installed Contacts" : {
    "transaction" : "5. Buzz Installed Contacts",
    "sampleCount" : 100,
    "errorCount" : 100,
    "errorPct" : 100.0,
    "meanResTime" : 30005.83,
    "medianResTime" : 30004.5,
    "minResTime" : 30002.0,
    "maxResTime" : 30024.0,
    "pct1ResTime" : 30008.0,
    "pct2ResTime" : 30008.0,
    "pct3ResTime" : 30024.0,
    "throughput" : 3.2535137948984905,
    "receivedKBytesPerSec" : 8.607196162480479,
    "sentKBytesPerSec" : 0.0
  },
  "12. Remove People from Category" : {
    "transaction" : "12. Remove People from Category",
    "sampleCount" : 100,
    "errorCount" : 0,
    "errorPct" : 0.0,
    "meanResTime" : 208.08,
    "medianResTime" : 249.0,
    "minResTime" : 100.0,
    "maxResTime" : 268.0,
    "pct1ResTime" : 260.9,
    "pct2ResTime" : 263.95,
    "pct3ResTime" : 267.96999999999997,
    "throughput" : 44.58314757021846,
    "receivedKBytesPerSec" : 14.846536446723139,
    "sentKBytesPerSec" : 17.937750780205082
  },
  "10. Block People" : {
    "transaction" : "10. Block People",
    "sampleCount" : 100,
    "errorCount" : 0,
    "errorPct" : 0.0,
    "meanResTime" : 239.92000000000013,
    "medianResTime" : 289.0,
    "minResTime" : 117.0,
    "maxResTime" : 304.0,
    "pct1ResTime" : 300.9,
    "pct2ResTime" : 302.0,
    "pct3ResTime" : 304.0,
    "throughput" : 56.78591709256105,
    "receivedKBytesPerSec" : 35.82392816581488,
    "sentKBytesPerSec" : 22.292908858603067
  }
}