{
  "01 - Connect" : {
    "transaction" : "01 - Connect",
    "sampleCount" : 120,
    "errorCount" : 0,
    "errorPct" : 0.0,
    "meanResTime" : 109.49999999999997,
    "medianResTime" : 58.0,
    "minResTime" : 51.0,
    "maxResTime" : 1042.0,
    "pct1ResTime" : 188.9,
    "pct2ResTime" : 374.19999999999914,
    "pct3ResTime" : 1037.3799999999999,
    "throughput" : 6.101901759381674,
    "receivedKBytesPerSec" : 0.7686966083596054,
    "sentKBytesPerSec" : 0.9415043730295942
  },
  "Select Receiver Target" : {
    "transaction" : "Select Receiver Target",
    "sampleCount" : 300,
    "errorCount" : 0,
    "errorPct" : 0.0,
    "meanResTime" : 18.080000000000013,
    "medianResTime" : 13.0,
    "minResTime" : 6.0,
    "maxResTime" : 159.0,
    "pct1ResTime" : 30.900000000000034,
    "pct2ResTime" : 44.0,
    "pct3ResTime" : 111.73000000000025,
    "throughput" : 4.972155926809865,
    "receivedKBytesPerSec" : 0.0,
    "sentKBytesPerSec" : 0.0
  },
  "03 - Call Initiated" : {
    "transaction" : "03 - Call Initiated",
    "sampleCount" : 300,
    "errorCount" : 0,
    "errorPct" : 0.0,
    "meanResTime" : 0.3766666666666665,
    "medianResTime" : 0.0,
    "minResTime" : 0.0,
    "maxResTime" : 2.0,
    "pct1ResTime" : 1.0,
    "pct2ResTime" : 1.0,
    "pct3ResTime" : 2.0,
    "throughput" : 4.963682390509439,
    "receivedKBytesPerSec" : 0.0,
    "sentKBytesPerSec" : 0.2569093424775393
  },
  "05 - Call Accepted" : {
    "transaction" : "05 - Call Accepted",
    "sampleCount" : 102,
    "errorCount" : 0,
    "errorPct" : 0.0,
    "meanResTime" : 0.3137254901960783,
    "medianResTime" : 0.0,
    "minResTime" : 0.0,
    "maxResTime" : 2.0,
    "pct1ResTime" : 1.0,
    "pct2ResTime" : 1.0,
    "pct3ResTime" : 1.9699999999999989,
    "throughput" : 1.069821591516944,
    "receivedKBytesPerSec" : 0.0,
    "sentKBytesPerSec" : 0.07731132594946666
  },
  "Caller - Read Response (Timeout)" : {
    "transaction" : "Caller - Read Response (Timeout)",
    "sampleCount" : 28,
    "errorCount" : 0,
    "errorPct" : 0.0,
    "meanResTime" : 160.64285714285714,
    "medianResTime" : 0.0,
    "minResTime" : 0.0,
    "maxResTime" : 4495.0,
    "pct1ResTime" : 1.0,
    "pct2ResTime" : 2472.699999999987,
    "pct3ResTime" : 4495.0,
    "throughput" : 0.5868790609935025,
    "receivedKBytesPerSec" : 0.037826189478096836,
    "sentKBytesPerSec" : 0.0
  },
  "02 - Register" : {
    "transaction" : "02 - Register",
    "sampleCount" : 120,
    "errorCount" : 0,
    "errorPct" : 0.0,
    "meanResTime" : 0.3166666666666667,
    "medianResTime" : 0.0,
    "minResTime" : 0.0,
    "maxResTime" : 1.0,
    "pct1ResTime" : 1.0,
    "pct2ResTime" : 1.0,
    "pct3ResTime" : 1.0,
    "throughput" : 6.130581383467866,
    "receivedKBytesPerSec" : 0.0,
    "sentKBytesPerSec" : 0.23947583529171348
  },
  "04 - Call Received" : {
    "transaction" : "04 - Call Received",
    "sampleCount" : 1194,
    "errorCount" : 0,
    "errorPct" : 0.0,
    "meanResTime" : 4441.638190954772,
    "medianResTime" : 6002.0,
    "minResTime" : 0.0,
    "maxResTime" : 6018.0,
    "pct1ResTime" : 6013.0,
    "pct2ResTime" : 6014.0,
    "pct3ResTime" : 6015.0,
    "throughput" : 9.661288495460651,
    "receivedKBytesPerSec" : 0.22642854722622305,
    "sentKBytesPerSec" : 0.0
  },
  "Total" : {
    "transaction" : "Total",
    "sampleCount" : 2843,
    "errorCount" : 0,
    "errorPct" : 0.0,
    "meanResTime" : 2031.3186774533956,
    "medianResTime" : 17.0,
    "minResTime" : 0.0,
    "maxResTime" : 6018.0,
    "pct1ResTime" : 6010.0,
    "pct2ResTime" : 6012.0,
    "pct3ResTime" : 6014.5599999999995,
    "throughput" : 22.78446521021334,
    "receivedKBytesPerSec" : 0.5763595520644664,
    "sentKBytesPerSec" : 0.43931146716568625
  },
  "Caller - Read Response" : {
    "transaction" : "Caller - Read Response",
    "sampleCount" : 97,
    "errorCount" : 0,
    "errorPct" : 0.0,
    "meanResTime" : 372.0927835051548,
    "medianResTime" : 0.0,
    "minResTime" : 0.0,
    "maxResTime" : 6015.0,
    "pct1ResTime" : 1.0,
    "pct2ResTime" : 6010.1,
    "pct3ResTime" : 6015.0,
    "throughput" : 1.8175345237872174,
    "receivedKBytesPerSec" : 0.2488936109913995,
    "sentKBytesPerSec" : 0.0
  },
  "Caller - Read Response (User Busy)" : {
    "transaction" : "Caller - Read Response (User Busy)",
    "sampleCount" : 107,
    "errorCount" : 0,
    "errorPct" : 0.0,
    "meanResTime" : 0.17757009345794397,
    "medianResTime" : 0.0,
    "minResTime" : 0.0,
    "maxResTime" : 2.0,
    "pct1ResTime" : 1.0,
    "pct2ResTime" : 1.0,
    "pct3ResTime" : 1.9200000000000017,
    "throughput" : 2.149241739479763,
    "receivedKBytesPerSec" : 0.11753665762779955,
    "sentKBytesPerSec" : 0.0
  },
  "07 - Call Ended" : {
    "transaction" : "07 - Call Ended",
    "sampleCount" : 102,
    "errorCount" : 0,
    "errorPct" : 0.0,
    "meanResTime" : 0.28431372549019607,
    "medianResTime" : 0.0,
    "minResTime" : 0.0,
    "maxResTime" : 1.0,
    "pct1ResTime" : 1.0,
    "pct2ResTime" : 1.0,
    "pct3ResTime" : 1.0,
    "throughput" : 1.068364878028343,
    "receivedKBytesPerSec" : 0.0,
    "sentKBytesPerSec" : 0.067816129952971
  },
  "06 - Call Rejected" : {
    "transaction" : "06 - Call Rejected",
    "sampleCount" : 31,
    "errorCount" : 0,
    "errorPct" : 0.0,
    "meanResTime" : 0.2258064516129032,
    "medianResTime" : 0.0,
    "minResTime" : 0.0,
    "maxResTime" : 2.0,
    "pct1ResTime" : 1.0,
    "pct2ResTime" : 1.3999999999999986,
    "pct3ResTime" : 2.0,
    "throughput" : 0.31435698785162347,
    "receivedKBytesPerSec" : 0.0,
    "sentKBytesPerSec" : 0.022717204200214978
  },
  "Caller - Read Response (Ping Handled)" : {
    "transaction" : "Caller - Read Response (Ping Handled)",
    "sampleCount" : 28,
    "errorCount" : 0,
    "errorPct" : 0.0,
    "meanResTime" : 528.857142857143,
    "medianResTime" : 0.5,
    "minResTime" : 0.0,
    "maxResTime" : 5819.0,
    "pct1ResTime" : 3316.600000000001,
    "pct2ResTime" : 4982.899999999995,
    "pct3ResTime" : 5819.0,
    "throughput" : 0.9784735812133072,
    "receivedKBytesPerSec" : 0.036310543052837575,
    "sentKBytesPerSec" : 0.0
  },
  "Process Call Decision" : {
    "transaction" : "Process Call Decision",
    "sampleCount" : 155,
    "errorCount" : 0,
    "errorPct" : 0.0,
    "meanResTime" : 26.18709677419356,
    "medianResTime" : 18.0,
    "minResTime" : 5.0,
    "maxResTime" : 231.0,
    "pct1ResTime" : 49.20000000000002,
    "pct2ResTime" : 75.59999999999997,
    "pct3ResTime" : 167.71999999999974,
    "throughput" : 1.4516234769660132,
    "receivedKBytesPerSec" : 0.0,
    "sentKBytesPerSec" : 0.0
  },
  "Caller - Read Response (Target Unavailable)" : {
    "transaction" : "Caller - Read Response (Target Unavailable)",
    "sampleCount" : 40,
    "errorCount" : 0,
    "errorPct" : 0.0,
    "meanResTime" : 0.1,
    "medianResTime" : 0.0,
    "minResTime" : 0.0,
    "maxResTime" : 1.0,
    "pct1ResTime" : 0.8999999999999986,
    "pct2ResTime" : 1.0,
    "pct3ResTime" : 1.0,
    "throughput" : 0.8318429480514078,
    "receivedKBytesPerSec" : 0.05036549099530009,
    "sentKBytesPerSec" : 0.0
  },
  "04 - Call Received (Ping Handled)" : {
    "transaction" : "04 - Call Received (Ping Handled)",
    "sampleCount" : 119,
    "errorCount" : 0,
    "errorPct" : 0.0,
    "meanResTime" : 3306.378151260505,
    "medianResTime" : 3772.0,
    "minResTime" : 0.0,
    "maxResTime" : 5926.0,
    "pct1ResTime" : 5921.0,
    "pct2ResTime" : 5925.0,
    "pct3ResTime" : 5925.8,
    "throughput" : 1.7278178676694786,
    "receivedKBytesPerSec" : 0.06411824118304706,
    "sentKBytesPerSec" : 0.0
  }
}