{
  "Get Categories" : {
    "transaction" : "Get Categories",
    "sampleCount" : 10,
    "errorCount" : 0,
    "errorPct" : 0.0,
    "meanResTime" : 61.60000000000001,
    "medianResTime" : 35.5,
    "minResTime" : 34.0,
    "maxResTime" : 289.0,
    "pct1ResTime" : 264.2000000000001,
    "pct2ResTime" : 289.0,
    "pct3ResTime" : 289.0,
    "throughput" : 0.41196341764851285,
    "receivedKBytesPerSec" : 0.23655711872785695,
    "sentKBytesPerSec" : 0.13557780444096565
  },
  "Get Customer Profile (Verify Update)" : {
    "transaction" : "Get Customer Profile (Verify Update)",
    "sampleCount" : 10,
    "errorCount" : 0,
    "errorPct" : 0.0,
    "meanResTime" : 39.0,
    "medianResTime" : 39.0,
    "minResTime" : 35.0,
    "maxResTime" : 43.0,
    "pct1ResTime" : 42.9,
    "pct2ResTime" : 43.0,
    "pct3ResTime" : 43.0,
    "throughput" : 0.37180249851278996,
    "receivedKBytesPerSec" : 0.19279992842801902,
    "sentKBytesPerSec" : 0.12526549022159428
  },
  "Total" : {
    "transaction" : "Total",
    "sampleCount" : 70,
    "errorCount" : 0,
    "errorPct" : 0.0,
    "meanResTime" : 67.35714285714286,
    "medianResTime" : 40.0,
    "minResTime" : 34.0,
    "maxResTime" : 356.0,
    "pct1ResTime" : 119.29999999999998,
    "pct2ResTime" : 289.45,
    "pct3ResTime" : 356.0,
    "throughput" : 1.9284809080390106,
    "receivedKBytesPerSec" : 1.992512500688743,
    "sentKBytesPerSec" : 0.6397778458868257
  },
  "Verify OTP and Get JWT" : {
    "transaction" : "Verify OTP and Get JWT",
    "sampleCount" : 10,
    "errorCount" : 0,
    "errorPct" : 0.0,
    "meanResTime" : 56.0,
    "medianResTime" : 39.5,
    "minResTime" : 35.0,
    "maxResTime" : 194.0,
    "pct1ResTime" : 179.40000000000006,
    "pct2ResTime" : 194.0,
    "pct3ResTime" : 194.0,
    "throughput" : 0.3790463194602381,
    "receivedKBytesPerSec" : 0.1969264081570768,
    "sentKBytesPerSec" : 0.10919791429762717
  },
  "Get Countries" : {
    "transaction" : "Get Countries",
    "sampleCount" : 10,
    "errorCount" : 0,
    "errorPct" : 0.0,
    "meanResTime" : 44.9,
    "medianResTime" : 40.0,
    "minResTime" : 35.0,
    "maxResTime" : 69.0,
    "pct1ResTime" : 67.9,
    "pct2ResTime" : 69.0,
    "pct3ResTime" : 69.0,
    "throughput" : 0.3975985050296211,
    "receivedKBytesPerSec" : 1.6866874080553458,
    "sentKBytesPerSec" : 0.1312385690429804
  },
  "Update Customer Profile" : {
    "transaction" : "Update Customer Profile",
    "sampleCount" : 10,
    "errorCount" : 0,
    "errorPct" : 0.0,
    "meanResTime" : 68.7,
    "medianResTime" : 43.0,
    "minResTime" : 38.0,
    "maxResTime" : 295.0,
    "pct1ResTime" : 271.30000000000007,
    "pct2ResTime" : 295.0,
    "pct3ResTime" : 295.0,
    "throughput" : 0.4014452027298274,
    "receivedKBytesPerSec" : 0.20033056503412283,
    "sentKBytesPerSec" : 0.17445616720192694
  },
  "Get Customer Profile" : {
    "transaction" : "Get Customer Profile",
    "sampleCount" : 10,
    "errorCount" : 0,
    "errorPct" : 0.0,
    "meanResTime" : 64.0,
    "medianResTime" : 38.0,
    "minResTime" : 35.0,
    "maxResTime" : 290.0,
    "pct1ResTime" : 265.70000000000005,
    "pct2ResTime" : 290.0,
    "pct3ResTime" : 290.0,
    "throughput" : 0.3947732027949943,
    "receivedKBytesPerSec" : 0.2070246190438593,
    "sentKBytesPerSec" : 0.13300464351979788
  },
  "Send OTP" : {
    "transaction" : "Send OTP",
    "sampleCount" : 10,
    "errorCount" : 0,
    "errorPct" : 0.0,
    "meanResTime" : 137.30000000000004,
    "medianResTime" : 111.0,
    "minResTime" : 107.0,
    "maxResTime" : 356.0,
    "pct1ResTime" : 333.1000000000001,
    "pct2ResTime" : 356.0,
    "pct3ResTime" : 356.0,
    "throughput" : 0.37138824927579295,
    "receivedKBytesPerSec" : 0.13165423289757114,
    "sentKBytesPerSec" : 0.09901268755106589
  }
}